,ele_load,p_el,p_hp,p_eb,p_pv_hour,p_fc_hour,p_bs_hour,p_bs_ch_hour,p_bs_di_hour,g_ht,g_ht_ch,g_ht_di,g_hp,g_eb,g_fc_hour,g_demand,water_load,total_g_load,g_rh,h_fc_hour,h_el,h_hs,h_pur
0,184.5280382,0,310.2366811,0,0,494.7647193,1002.728964,0,0,1684.322256,0,0,1365.041397,0,593.7176631,1929.528807,29.230253,1958.75906,0,30.92279495,0,0,62.50748608
1,189.7325417,0,315.6225163,0,0,505.355058,1002.728964,0,0,1684.322256,0,0,1388.739072,0,606.4260696,1990.603194,4.561947,1995.165141,0,31.58469112,0,31.58469112,0
2,195.5581075,0,323.5260726,0,0,519.0841801,1002.728964,0,0,1684.322256,0,0,1423.514719,0,622.9010161,2044.219242,2.196493,2046.415735,0,32.44276126,0,0,65.81226596
3,201.8387589,0,332.0733164,0,0,533.9120752,1002.728964,0,0,1684.322256,0,0,1461.122592,0,640.6944903,2101.817082,0,2101.817082,0,33.3695047,0,33.3695047,0
4,208.4333978,0,338.5663093,0,0,546.9997071,1002.728964,0,0,1684.322256,0,15.76941559,1489.691761,0,656.3996485,2159.664332,2.196493,2161.860825,0,34.18748169,0,0,34.18748169
5,213.2856583,0,338.5663093,0,0,551.8519675,1002.728964,0,0,1666.800683,0,54.43784225,1489.691761,0,662.222361,2201.790017,4.561947,2206.351964,0,34.49074797,0,0,34.49074797
6,218.7567297,0,338.5663093,0,0,557.323039,1002.728964,0,0,1606.314191,0,109.9988753,1489.691761,0,668.7876468,2232.48959,35.988693,2268.478283,0,34.83268994,0,0,34.83268994
7,224.3827214,0,338.5663093,0,0,562.9490307,1002.728964,0,0,1484.093219,0,180.8876184,1489.691761,0,675.5388368,2244.741616,101.3766,2346.118216,0,35.18431442,0,0,71.41234901
8,244.4594373,0,338.5663093,0,3.377192982,579.6485536,1002.728964,0,0,1283.106976,0,354.9184568,1489.691761,0,695.5782643,2405.019682,135.1688,2540.188482,0,36.2280346,0,36.2280346,0
9,222.305465,0,338.5663093,0,74.53947368,486.3323006,1002.728964,0,0,888.7531353,0,255.1156964,1489.691761,0,583.5987608,2224.833125,103.573093,2328.406218,0,30.39576879,0,0,30.39576879
10,192.8027132,0,338.5663093,0,119.4078947,411.9611278,1002.728964,0,0,605.2912504,0,57.34060666,1489.691761,0,494.3533533,1991.880148,49.505573,2041.385721,0,25.74757048,0,0,25.74757048
11,172.7464852,0,338.5663093,0,138.4649123,372.8478822,1002.728964,0,0,541.5794653,62.41505826,0,1489.691761,0,447.4174587,1793.592881,81.10128,1874.694161,0,23.30299264,0,0,42.15828619
12,150.2382661,0,321.5122201,0,170.0657895,301.6846968,1002.728964,0,0,597.7530177,116.9398287,0,1414.653769,0,362.0216361,1610.230003,49.505573,1659.735576,0,18.85529355,0,18.85529355,0
13,125.9711179,0,338.5663093,0,335.4276316,104.7828944,923.8704606,1.573635458,25.90053664,702.9988635,182.6308663,0,1489.691761,0,125.7394732,1405.766608,27.03376,1432.800368,0,6.548930898,0,0,19.4681192
14,99.41144215,0,338.5663093,0,214.4517544,206.7070129,634.9945082,17.65001475,34.46899889,867.3666432,537.4629574,0,1489.691761,0,248.0484155,1159.726579,40.55064,1200.277219,0,12.91918831,0,12.91918831,0
15,118.2872694,0,338.5663093,0,205.0438596,228.6776522,402.7452816,0,23.13206684,1351.083305,370.2655008,0,1489.691761,0,274.4131826,1294.828297,99.011146,1393.839443,0,14.29235326,0,0,30.1052897
16,105.4797425,0,217.0009247,0,69.47368421,253.0069829,167.121494,0,0,1684.322256,0,0,954.8040686,0,303.6083795,1208.906875,49.505573,1258.412448,0,15.81293643,0,15.81293643,0
17,120.4863941,0,224.7704291,0,0,345.2568232,167.121494,0,0,1684.322256,0,0,988.989888,0,414.3081879,1328.955236,74.34284,1403.298076,0,21.57855145,0,0,21.57855145
18,142.2868039,0,251.6540728,0,0,393.9408767,167.121494,0,0,1684.322256,0,0,1107.27792,0,472.729052,1550.776719,29.230253,1580.006972,0,24.62130479,0,0,51.47944299
19,156.0193768,0,273.7108344,0,0,429.7302112,167.121494,0,0,1684.322256,0,0,1204.327671,0,515.6762535,1650.223032,69.780893,1720.003925,0,26.8581382,0,26.8581382,0
20,170.1525279,0,297.6658256,0,0,467.8183535,167.121494,0,0,1684.322256,0,0,1309.729632,0,561.3820242,1742.701297,128.41036,1871.111657,0,29.23864709,0,0,29.23864709
21,161.2051235,0,287.9298631,0,0,449.1349866,167.121494,0,0,1684.322256,0,0,1266.891398,0,538.9619839,1641.454329,164.399053,1805.853382,0,28.07093666,0,0,28.07093666
22,163.1047361,0,284.5411001,0,0,447.6458362,167.121494,0,0,1684.322256,0,0,1251.980841,0,537.1750035,1705.858071,83.297773,1789.155844,0,27.97786476,0,0,56.26104071
23,166.4131047,0,286.1177104,0,0,452.5308151,167.121494,0,0,1684.322256,0,0,1258.917926,0,543.0369781,1759.207771,42.747133,1801.954904,0,28.28317594,0,28.28317594,0
24,132.5762789,0,321.9488246,0,0,454.5251035,167.121494,0,0,1684.322256,471.0990451,0,1416.574828,0,545.4301242,1466.562731,24.343176,1490.905907,0,28.40781897,0,0,28.40781897
25,135.7375997,0,279.2554839,0,0,414.9930836,167.121494,0,0,2108.311396,216.0085176,0,1228.724129,0,497.9917003,1506.908088,3.799224,1510.707312,0,25.93706772,0,0,25.93706772
26,140.3947298,0,321.9488246,0,0,462.3435544,167.121494,0,0,2302.719062,419.7413741,0,1416.574828,0,554.8122653,1549.816463,1.829256,1551.645719,0,28.89647215,0,0,28.89647215
27,145.3223794,0,321.9488246,0,0,467.271204,167.121494,0,0,2680.486299,382.2320354,0,1416.574828,0,560.7254448,1595.068237,0,1595.068237,0,29.20445025,0,0,58.65212054
28,149.2139001,0,321.9488246,0,0,471.1627247,167.121494,0,0,3024.495131,351.2481106,0,1416.574828,0,565.3952696,1628.892731,1.829256,1630.721987,0,29.44767029,0,29.44767029,0
29,152.7962992,0,305.9118715,0,0,458.7081707,167.121494,0,0,3340.61843,232.7994903,0,1346.012235,0,550.4498048,1659.863325,3.799224,1663.662549,0,28.66926067,0,0,87.45627829
30,157.505309,0,321.9488246,0,0,480.8493538,167.121494,1.395220198,0,3550.137971,276.8234222,0,1416.574828,0,577.0192245,1686.798974,29.971656,1716.77063,0,30.05308461,0,58.78701762,0
31,301.6842062,0,321.9488246,0,169.8245614,459.7429282,168.4469532,7.193645052,1.259186228,3799.279051,0,1063.919127,1416.574828,0,551.6915138,2947.758269,84.4272,3032.185469,0,28.73393301,0,28.73393301,0
32,312.5834921,0,338.5663093,154.5530144,502.2368421,306.8980769,284.9945264,3.432103235,0,2617.146688,0,1144.550233,1489.691761,139.0977129,368.2776923,3029.047799,112.5696,3141.617399,0,19.18112981,0,0,43.2807083
33,268.3564857,0,321.9488246,339.3024729,610.6688596,318.9389235,288.2550245,0,0,1345.424207,0,629.4426026,1416.574828,305.3722256,382.7267082,2647.859909,86.256456,2734.116365,0,19.93368272,0,24.0995785,0
34,211.1970004,0,321.9488246,138.7497356,605.2412281,66.65433242,288.2550245,0,0,646.0435372,0,581.4391835,1416.574828,124.874762,79.9851989,2161.645357,41.228616,2202.873973,0,4.165895776,0,4.165895776,0
35,158.5301563,0,321.9488246,198.9042315,557.7192982,121.663914,288.2550245,0,0,0,0,0,1416.574828,179.0138083,145.9966968,1674.043573,67.54176,1741.585333,0,7.603994627,0,0,7.603994627
36,126.0121615,48.39269016,321.9488246,24.99692432,512.6096491,0,227.8647275,8.705501571,17.446453,0,0,0,1416.574828,22.49723189,0,1397.843444,41.228616,1439.07206,0,0,1.075393115,0,0
37,75.83898336,74.28548327,321.9488246,56.21618248,561.0964912,0,283.5381607,32.80701754,0,0,485.7539462,0,1416.574828,50.59456423,0,958.9015262,22.51392,981.4154462,0,0,1.650788517,1.075393115,0
38,64.4064875,74.28548327,321.9488246,153.0434152,617.0614035,0,493.6801852,10.97587719,7.598684211,437.1785515,670.725064,0,1416.574828,137.7390737,0,849.8179578,33.77088,883.5888378,0,0,1.650788517,2.726181632,0
39,66.6492878,74.28548327,321.9488246,103.9245598,579.9122807,0,744.6457593,22.08403676,8.979911447,1040.831109,586.1594517,0,1416.574828,93.53210378,0,841.4902482,82.457232,923.9474802,0,0,1.650788517,4.376970149,0
40,57.65294093,0,321.9488246,0,327.3464912,24.17607354,815.3073665,25.80160448,53.88080521,1568.374616,619.4506318,0,1416.574828,0,29.01128825,784.9068685,41.228616,826.1354845,0,1.511004596,0,6.027758666,0
41,97.18083607,0,196.8211933,0,1.447368421,292.554661,322.1293195,0,0,2125.880184,27.91736776,0,866.0132507,0,351.0655932,1127.248196,61.91328,1189.161476,0,18.28466631,0,4.51675407,13.76791224
42,174.6376928,0,221.1545031,0,0,395.7921959,322.1293195,0,0,2151.005815,0,420.0152038,973.0798135,0,474.9506351,1843.702476,24.343176,1868.045652,0,24.73701224,0,0,24.73701224
43,121.2863364,0,224.6745511,0,0,345.9608875,322.1293195,0,0,1684.322256,0,0,988.5680246,0,415.153065,1345.607034,58.114056,1403.72109,0,21.62255547,0,0,21.62255547
44,157.6150007,0,278.6835668,0,0,436.2985675,322.1293195,0,0,1684.322256,0,0,1226.207694,0,523.558281,1642.824855,106.94112,1749.765975,0,27.26866047,0,0,94.62943398
45,155.5364391,0,278.0268411,0,0,433.5632802,322.1293195,0,0,1684.322256,0,-5.68E-13,1223.318101,0,520.2759363,1606.681261,136.912776,1743.594037,0,27.09770501,0,67.36077351,0
46,110.1318833,0,210.0409403,0,0,320.1728236,322.1293195,0,0,1684.322256,0,0,924.1801372,0,384.2073883,1239.01651,69.371016,1308.387526,0,20.01080148,0,40.2630685,0
47,112.8013151,0,211.2349572,0,0,324.0362724,322.1293195,0,0,1684.322256,0,-2.84E-13,929.4338118,0,388.8435268,1282.677203,35.600136,1318.277339,0,20.25226702,0,20.25226702,0
48,52.52977989,0,127.0381028,0,0,179.5678827,322.1293195,0,0,1684.322256,0,0,558.9676525,0,215.4814593,747.0459118,27.4032,774.4491118,0,11.22299267,0,0,27.12163515
49,56.28354583,0,130.5264854,0,0,186.8100312,322.1293195,0,0,1684.322256,0,0,574.3165356,0,224.1720374,794.211773,4.2768,798.488573,0,11.67562695,0,15.89864248,0
50,59.05442331,0,8.513825212,0,0,67.56824853,322.1293195,0,0,1684.322256,0,703.8683527,37.46083093,0,81.08189823,820.3518818,2.0592,822.4110818,0,4.223015533,0,4.223015533,0
51,59.92563086,0,119.9686377,0,0,179.8942686,322.1293195,0,0,902.2463081,0,85.63112807,527.8620059,0,215.8731223,829.3662563,0,829.3662563,0,11.24339179,0,0,11.24339179
52,63.31711131,0,140.1163469,0,0,203.4334582,322.1293195,0,0,807.1006103,0,0,616.5119264,0,244.1201499,858.5728762,2.0592,860.6320762,0,12.71459114,0,0,12.71459114
53,67.99675269,0,146.771044,0,0,214.7677967,322.1293195,0,0,807.1006103,0,0,645.7925937,0,257.7213561,899.2371498,4.2768,903.5139498,0,13.42298729,0,0,13.42298729
54,74.64851589,0,158.7786755,0,2.774122807,230.6530685,322.1293195,0,0,807.1006103,0,0,698.626172,0,276.7836823,941.6706543,33.7392,975.4098543,0,14.41581678,0,0,14.41581678
55,152.8691794,0,320.5364395,0,229.5285088,243.2524748,317.3498937,0,0.62463534,807.1006103,0,0,1410.360334,0,291.9029697,1607.223303,95.04,1702.263303,0,15.20327967,0,0,23.29754773
56,154.7258551,0,338.5663093,0,412.9824561,129.5082889,576.0535183,60.39383995,11.19525923,807.1006103,0,86.98510081,1489.691761,0,155.4099467,1605.366808,126.72,1732.086808,0,8.094268059,0,8.094268059,0
57,133.3950089,0,291.3091719,0,215.0548246,205.6217001,827.3980585,0,4.027656225,710.4504983,0,0,1281.760356,0,246.7460401,1431.407197,97.0992,1528.506397,0,12.85135625,0,0,12.85135625
58,98.13112183,0,212.86016,0,98.78289474,212.2083871,810.439506,0,0,710.4504983,0,0,936.5847041,0,254.6500645,1144.823569,46.4112,1191.234769,0,13.26302419,0,0,13.26302419
59,101.6518978,0,262.4428563,0,252.5657895,66.97856651,297.5309932,6.378944493,50.92934261,710.4504983,0,0,1154.748568,0,80.37427981,1159.090847,76.032,1235.122847,0,4.186160407,0,0,4.186160407
60,74.79431863,41.94048452,338.5663093,0,506.6995614,0,553.0285655,51.39844898,0,710.4504983,507.7042615,0,1489.691761,0,0,935.5762993,46.4112,981.9874993,0,0,0.932010767,0,0
61,80.09741623,0,338.5663093,0,414.0679825,0,941.9580132,15.8233531,20.41909615,1167.384334,468.9164357,0,1489.691761,0,0,995.4313251,25.344,1020.775325,0,0,0,0.932010767,0
62,83.08873714,0,239.2879644,0,307.9276316,0,693.7239526,2.356076056,16.80514604,1589.409126,0,0,1052.867043,0,0,1014.851043,38.016,1052.867043,0,0,0,0.932010767,0
63,71.93690537,0,245.7109872,0,356.2938596,0,723.1205457,39.1846072,0.538640174,1589.409126,105.4590331,0,1081.128344,0,0,882.8469108,92.8224,975.6693108,0,0,0,0.932010767,0
64,118.9262071,0,276.2012653,0,205.6469298,135.3386615,712.1544074,0,54.14188106,1684.322256,0,0,1215.285567,0,162.4063938,1331.280761,46.4112,1377.691961,0,8.458666343,0,0.932010767,7.526655576
65,150.2995413,0,268.7285121,0,13.02631579,405.2306603,313.1498972,0,0.771077277,1684.322256,0,0,1182.405453,0,486.2767924,1598.986246,69.696,1668.682246,0,25.32691627,0,0,25.32691627
66,171.9093552,0,292.6006631,0,0,464.5100183,309.0915957,0,0,1684.322256,0,0,1287.442918,0,557.4120219,1817.451739,27.4032,1844.854939,0,29.03187614,0,0,54.95177356
67,149.8657159,0,264.8526428,0,0,414.7183586,309.0915957,0,0,1684.322256,0,0,1165.351628,0,497.6620304,1597.594459,65.4192,1663.013659,0,25.91989742,0,25.91989742,0
68,157.7691861,0,279.8957802,0,0,437.6649663,309.0915957,0,0,1684.322256,0,0,1231.541433,0,525.1979595,1636.355393,120.384,1756.739393,0,27.35406039,0,0,71.522821
69,147.1446336,0,267.666785,0,0,414.8114186,309.0915957,0,0,1684.322256,0,0,1177.733854,0,497.7737023,1521.384356,154.1232,1675.507556,0,25.92571366,0,44.1687606,0
70,98.0106336,0,193.8781174,0,0,291.888751,309.0915957,0,0,1684.322256,0,0,853.0637168,0,350.2665013,1125.239018,78.0912,1203.330218,0,18.24304694,0,18.24304694,0
71,100.0772907,0,193.9208933,0,0,293.9981841,309.0915957,0,0,1684.322256,0,0,853.2519306,0,352.7978209,1165.974552,40.0752,1206.049752,0,18.3748865,0,0,18.3748865
72,0.560295792,0,0,0,0,0,305.847778,0,0.560295792,1684.322256,0,20.010564,0,0,0,0,20.010564,20.010564,0,0,0,0,0
73,0.087445008,0,0,0,0,0,301.5079146,0,0.087445008,1662.088296,0,3.123036,0,0,0,0,3.123036,3.123036,0,0,0,0,0
74,0.042103152,0,0,0,0,0,300.6658516,0,0.042103152,1658.618256,0,1142.118097,0,0,0,0,1.503684,1.503684,1140.614413,0,0,0,0
75,0,0,0,0,0,0,300.3777774,0,0,389.5981473,0,346.0116126,0,0,0,0,0,0,346.0116126,0,0,0,0
76,0.042103152,0,0,0,0,0,300.1340223,0,0.042103152,5.1408,0,1.503684,0,0,0,0,1.503684,1.503684,0,0,0,0,0
77,0.087445008,0,0,0,0.964912281,0,299.4550188,0.950338113,0.07287084,3.47004,0,3.123036,0,0,0,0,3.123036,3.123036,0,0,0,0,0
78,0.689843952,74.28548327,0,170.0802759,343.2675439,0,342.4286442,444.6343038,346.422363,0,0,0,0,153.0722483,0,0,24.637284,24.637284,128.4349643,0,1.650788517,0,0
79,1.9432224,74.28548327,321.9488246,201.5532148,562.0614035,0,555.4974747,227.8049918,265.4743334,0,0,0,1416.574828,181.3978933,0,0,69.4008,69.4008,1528.571921,0,1.650788517,1.650788517,0
80,2.5909632,74.28548327,321.9488246,337.1234013,811.8530702,0,240.251688,557.0716468,481.167249,0,0,0,1416.574828,303.4110612,0,0,92.5344,92.5344,1627.451489,0,1.650788517,3.301577034,0
81,1.985325552,74.28548327,321.9488246,331.2136376,766.0197368,0,748.9981746,238.7604292,202.1739634,0,0,0,1416.574828,298.0922739,0,0,70.904484,70.904484,1643.762618,0,1.650788517,4.952365551,0
82,0.948940272,74.28548327,321.9488246,221.7274242,619.9561404,0,324.9953384,324.9584606,323.9129926,0,0,0,1416.574828,199.5546817,0,0,33.890724,33.890724,1582.238786,0,1.650788517,6.603154068,0
83,1.55457792,74.28548327,301.1670781,340.5986352,761.6776316,0,195.0175036,554.2009902,510.1291331,0,0,0,1325.135144,306.5387716,0,0,55.52064,55.52064,1576.153275,0,1.650788517,8.253942585,0
84,0.948940272,74.28548327,298.1150401,341.9205464,772.0504386,0,178.6118333,557.0716468,500.2912183,0,0,0,1311.706177,307.7284917,0,0,33.890724,33.890724,1585.543944,0,1.650788517,9.904731103,0
85,0.51819264,74.28548327,301.2561672,341.9205464,779.1666667,0,296.2734407,551.8781056,490.6918284,0,1614.748747,0,1325.527136,307.7284917,0,0,18.50688,18.50688,0,0,1.650788517,11.55551962,0
86,0.77728896,74.28548327,321.9488246,341.9205464,812.6973684,0,426.4934397,557.0716468,483.3064216,1453.273873,0,0,1416.574828,307.7284917,0,0,27.76032,27.76032,1696.543,0,1.650788517,13.20630814,0
87,1.897880544,74.28548327,240.9198457,341.9205464,731.5241228,0,751.3533067,545.5347928,473.0344258,1453.273873,0,0,1060.047321,307.7284917,0,0,67.781448,67.781448,1299.994365,0,1.650788517,14.85709665,0
88,0.948940272,74.28548327,199.8880219,341.9205464,643.9583333,0,868.3777131,538.9068037,511.9914622,1453.273873,0,285.9159401,879.5072962,307.7284917,0,0,33.890724,33.890724,1439.261004,0,1.650788517,16.50788517,0
89,1.42502976,74.28548327,249.6088608,0,378.6074561,0,867.4194442,337.2566418,283.9685596,1135.589495,1047.385068,0,1098.278988,0,0,0,50.89392,50.89392,0,0,1.650788517,18.15867369,0
90,0.560295792,17.36591737,0,0,22.31359649,0,846.4230571,18.96405219,14.57666886,2078.236056,0,20.010564,0,0,0,0,20.010564,20.010564,0,0,0.385909275,19.80946221,0
91,1.337584752,0,0,0,0,0,746.6182995,0,1.337584752,2056.002096,0,47.770884,0,0,0,0,47.770884,47.770884,0,0,0,20.19537148,0
92,2.46141504,0,0,0,0,0,723.2161062,0,2.46141504,2002.923336,0,87.90768,0,0,0,0,87.90768,87.90768,0,0,0,20.19537148,0
93,3.151258992,0,0,0,0,0,688.1307144,0,3.151258992,1905.248136,0,112.544964,0,0,0,0,112.544964,112.544964,0,0,0,20.19537148,0
94,1.596681072,0,0,0,0,0,657.3255256,0,1.596681072,1780.198176,0,57.024324,0,0,0,0,57.024324,57.024324,0,0,0,20.19537148,0
95,0.819392112,0,0,0,0,0,641.6570166,0,0.819392112,1716.837816,0,29.264004,0,0,0,0,29.264004,29.264004,0,0,0,20.19537148,0
96,0.659113392,0,0,0,0,0,632.2347298,0,0.659113392,1684.322256,0,1142.118095,0,0,0,0,23.539764,23.539764,1118.578331,0,0,20.19537148,0
97,0.102867408,0,0,0,0,0,627.1294585,0,0.102867408,415.3021502,0,3.673836,0,0,0,0,3.673836,3.673836,0,0,0,20.19537148,0
98,0.049528752,0,0,0,0,0,626.1388834,0,0.049528752,411.2201102,0,1.768884,0,0,0,0,1.768884,1.768884,0,0,0,20.19537148,0
99,0,0,0,0,0,0,625.8000025,0,0,409.2546835,0,0,0,0,0,0,0,0,0,0,0,20.19537148,0
100,0.049528752,0,0,0,0,0,625.5132571,0,0.049528752,409.2546835,0,1.768884,0,0,0,0,1.768884,1.768884,0,0,0,20.19537148,0
101,0.102867408,10.02871154,0,0,2.894736842,0,568.2953365,0.844298246,8.081140351,407.2892568,0,3.673836,0,0,0,0,3.673836,3.673836,0,0,0.222860256,20.19537148,0
102,0.811509552,74.28548327,0,0,55.84429825,0,348.9902697,9.690664075,28.94335865,403.2072168,0,28.982484,0,0,0,0,28.982484,28.982484,0,0,1.650788517,20.41823174,0
103,2.2859424,74.28548327,4.307712927,69.65207013,152.3355263,0,217.1843372,11.09404476,9.289727172,371.0044568,0,0,18.95393688,62.68686312,0,0,81.6408,81.6408,0,0,1.650788517,22.06902025,0
104,3.0479232,74.28548327,0,117.97311,258.1140351,0,575.9342038,62.80751857,0,371.0044568,0,213.4116565,0,106.175799,0,0,108.8544,108.8544,210.7330555,0,1.650788517,23.71980877,0
105,2.335471152,74.28548327,276.1026563,54.25148686,367.2697368,0,429.6097698,166.257257,205.9626177,133.8803941,1180.268342,0,1214.851688,48.82633818,0,0,83.409684,83.409684,0,0,1.650788517,25.37059729,0
106,1.116301872,74.28548327,321.9488246,29.88696563,448.6842105,0,634.2101043,324.9584606,303.5118255,1196.121902,1403.605173,0,1416.574828,26.89826907,0,0,39.867924,39.867924,0,0,1.650788517,27.0213858,0
107,1.82875392,74.28548327,0,40.91013778,117.8399123,0,205.8561517,7.084142009,6.268604697,2459.366558,0,28.493516,0,36.819124,0,0,65.31264,65.31264,0,0,1.650788517,28.67217432,0
108,1.116301872,74.28548327,0,0,158.245614,0,343.3434447,516.0650889,433.22126,2427.707096,0,39.867924,0,0,0,0,39.867924,39.867924,0,0,1.650788517,30.32296284,0
109,0.60958464,74.28548327,0,57.77315419,206.7324561,0,708.8939857,513.8257805,439.7615465,2383.409402,0,0,0,51.99583877,0,0,21.77088,21.77088,30.22495877,0,1.650788517,31.97375136,0
110,0.91437696,74.28548327,0,0,83.58552632,0,979.2535717,11.62114581,3.235479725,2383.409402,0,32.65632,0,0,0,0,32.65632,32.65632,0,0,1.650788517,33.62453987,0
111,2.232603744,41.48434809,0,0,41.73245614,0,987.7482526,2.650831472,4.635327167,2347.124602,0,79.735848,0,0,0,0,79.735848,79.735848,0,0,0.921874402,35.27532839,0
112,1.116301872,13.29932849,0,0,13.26754386,0,965.7181554,3.285605872,4.433692374,2258.529216,0,39.867924,0,0,0,0,39.867924,39.867924,0,0,0.295540633,36.19720279,0
113,1.67635776,0,0,0,7.478070175,0,985.5497585,6.639891295,0.83817888,2214.231522,0,59.86992,0,0,0,0,59.86992,59.86992,0,0,0,36.49274343,0
114,0.659113392,0,0,0,0,0,988.3255219,0,0.659113392,2147.709389,0,23.539764,0,0,0,0,23.539764,23.539764,0,0,0,36.49274343,0
115,1.573490352,0,0,0,0,0,974.7061177,0,1.573490352,2121.554096,0,56.196084,0,0,0,0,56.196084,56.196084,0,0,0,36.49274343,0
116,2.89552704,0,0,0,0,0,947.1765535,0,2.89552704,2059.114002,0,103.41168,0,0,0,0,103.41168,103.41168,0,0,0,36.49274343,0
117,3.707036592,0,0,0,0,0,905.9032619,0,3.707036592,1944.212136,0,132.394164,0,0,0,0,132.394164,132.394164,0,0,0,36.49274343,0
118,1.878282672,0,0,0,0,0,869.6650593,0,1.878282672,1797.107509,0,67.081524,0,0,0,0,67.081524,67.081524,0,0,0,36.49274343,0
119,0.963905712,0,0,0,0,0,851.2331447,0,0.963905712,1722.572482,0,34.425204,0,0,0,0,34.425204,34.425204,0,0,0,36.49274343,0
120,32.10383314,0,0,0,0,0,658.7737033,0,32.10383314,1684.322256,0,354.0094536,0,0,0,0,21.9364,21.9364,332.0730536,0,0,36.49274343,0
121,41.81976,0,0,0,0,20.28686972,248.7484961,0,21.53289028,1290.978418,0,1142.374913,0,0,24.34424367,0,3.4236,3.4236,1163.295556,1.267929358,0,36.49274343,0
122,36.46351886,0,0,0,0,36.46351886,167.121494,0,0,21.67295956,0,0,0,0,43.75622263,0,1.6484,1.6484,42.10782263,2.278969929,0,35.22481407,0
123,20.28099086,0,0,0,0,20.28099086,167.121494,0,0,21.67295956,0,0,0,0,24.33718903,0,0,0,24.33718903,1.267561929,0,32.94584414,0
124,1.766413714,0,0,0,0,1.766413714,167.121494,0,0,21.67295956,0.471296457,0,0,0,2.119696457,0,1.6484,1.6484,0,0.110400857,0,31.67828221,0
125,0.381085714,0,0,0,3.618421053,0.095271429,173.3687331,3.332606767,0,22.09712637,0,3.309274286,0,0,0.114325714,0,3.4236,3.4236,0,0.005954464,0,31.56788135,0
126,9.428972571,54.25523795,0,0,79.00219298,8.691883796,202.9904914,108.8869411,84.87707488,18.42015494,0,16.57813944,0,0,10.43026056,0,27.0084,27.0084,0,0.543242737,1.205671955,31.56192689,0
127,38.55532114,74.28548327,0,146.5053081,268.004386,0,395.0177985,185.6905489,177.0322755,0,0,0,0,131.8547773,0,0,76.08,76.08,55.77477727,0,1.650788517,32.22435611,0
128,75.27969806,74.28548327,258.0994896,0,466.4144737,0,264.2027889,295.0292248,236.2794221,0,0,0,1135.637754,0,0,0,101.44,101.44,1034.197754,0,1.650788517,33.87514462,0
129,86.1596496,74.28548327,195.6402223,328.7756105,760.3508772,0,538.2127778,551.239556,475.7496446,0,0,0,860.8169782,295.8980495,0,0,77.7284,77.7284,1078.986628,0,1.650788517,35.52593314,0
130,96.60963223,74.28548327,321.9488246,341.9205464,789.6600877,0,615.599427,139.2679117,184.3723104,0,0,0,1416.574828,307.7284917,0,0,37.1524,37.1524,1687.15092,0,1.650788517,37.17672166,0
131,83.16531909,74.28548327,108.3398303,341.9205464,663.1359649,0,560.0423984,371.3810979,315.956312,0,246.074044,0,476.6952535,307.7284917,0,0,60.864,60.864,477.4857012,0,1.650788517,38.82751017,0
132,110.1507607,74.28548327,0,211.8963952,400.6798246,0,300.0431953,241.6647607,237.3175753,221.4666396,0,0,0,190.7067557,0,0,37.1524,37.1524,153.5543557,0,1.650788517,40.47829869,0
133,121.8479033,74.28548327,51.88482736,0,275.8442982,50.98487084,862.2890423,188.9588321,110.147877,221.4666396,269.1870854,0,228.2932404,0,61.181845,0,20.288,20.288,0,3.186554427,1.650788517,42.12908721,0
134,141.2765781,74.28548327,57.16531689,341.9205464,500.3070175,136.2531136,391.9820455,324.9584606,303.0462541,463.7350165,0,0,251.5273943,307.7284917,163.5037363,0,30.432,30.432,692.3276224,8.515819601,1.650788517,40.5933213,0
135,159.9969675,74.28548327,321.9488246,99.52751825,632.620614,0,870.7094209,245.8966323,269.0348119,463.7350165,1431.844795,0,1416.574828,89.57476642,0,0,74.3048,74.3048,0,0,1.650788517,33.72829022,0
136,148.2204027,74.28548327,0,0,245.3289474,0,303.655862,270.0121616,247.1891003,1752.395332,0,37.1524,0,0,0,0,37.1524,37.1524,0,0,1.650788517,35.37907873,0
137,148.4287296,13.04437398,0,0,250.0328947,0,625.7497282,337.5246643,248.9648732,1711.114887,0,55.792,0,0,0,0,55.792,55.792,0,0,0.289874977,37.02986725,0
138,142.2084597,0,0,0,44.50657895,42.36528414,488.8396467,3.226049415,58.56264598,1649.123776,28.90194097,0,0,0,50.83834097,0,21.9364,21.9364,0,2.647830259,0,37.31974223,0
139,121.3891803,0,0,0,0,121.3891803,167.121494,0,0,1675.135523,93.29861641,0,0,0,145.6670164,0,52.3684,52.3684,0,7.586823771,0,34.67191197,0
140,88.21239223,0,0,0,0,88.21239223,167.121494,0,0,1759.104278,9.486870674,0,0,0,105.8548707,0,96.368,96.368,0,5.513274514,0,27.0850882,0
141,64.19769943,0,0,0,0,64.19769943,167.121494,0,0,1767.642461,0,46.33916069,0,0,77.03723931,0,123.3764,123.3764,0,4.012356214,0,21.57181368,0
142,28.24086171,0,0,0,0,28.24086171,167.121494,0,0,1716.154505,0,28.62336594,0,0,33.88903406,0,62.5124,62.5124,0,1.765053857,0,17.55945747,0
143,26.71228457,0,0,0,0,26.71228457,167.121494,0,0,1684.350765,0,0.025658514,0,0,32.05474149,0,32.0804,32.0804,0,1.669517786,0,15.79440361,0
144,41.09354743,0,0,0,0,41.09354743,167.121494,0,0,1684.322256,0,756.9291164,0,0,49.31225691,0,73.0925,73.0925,733.1488733,2.568346714,0,14.12488582,0
145,35.95963886,0,0,0,0,35.95963886,167.121494,0,0,843.289904,0,0,0,0,43.15156663,0,11.4075,11.4075,31.74406663,2.247477429,0,11.55653911,0
146,30.22609029,0,0,0,0,30.22609029,167.121494,0,0,843.289904,0,0,0,0,36.27130834,0,5.4925,5.4925,30.77880834,1.889130643,0,9.309061682,0
147,15.73642971,0,0,0,0,15.73642971,167.121494,0,0,843.289904,18.88371566,0,0,0,18.88371566,0,0,0,0,0.983526857,0,7.419931039,0
148,2.219417143,0,0,0,0,2.219417143,167.121494,0,0,860.2852481,0,2.829199429,0,0,2.663300571,0,5.4925,5.4925,0,0.138713571,0,6.436404182,0
149,0.560814857,39.96550093,0,0,85.15350877,13.02631579,215.5073279,310.6995661,253.0460573,857.1416931,4.224078947,0,0,0,15.63157895,0,11.4075,11.4075,0,0.814144737,0.888122243,6.297690611,0
150,12.18379886,74.28548327,18.96582345,7.269863152,193.3442982,0,746.1266556,466.0672109,385.4278814,860.9433642,0,0,83.44962316,6.542876837,0,0,89.9925,89.9925,0,0,1.650788517,6.371668117,0
151,31.297104,74.28548327,213.0945551,33.27340602,391.754386,0,547.5351881,371.3810979,331.5772603,860.9433642,714.0621079,0,937.6160425,29.94606542,0,0,253.5,253.5,0,0,1.650788517,8.022456634,0
152,61.21349211,74.28548327,19.81156515,341.9205464,460.9868421,0,848.1116628,235.1738355,271.4180803,1503.599261,0,0,87.17088667,307.7284917,0,0,338,338,56.89937842,0,1.650788517,9.673245151,0
153,77.61374057,74.28548327,269.0803896,0,525.2741228,0,580.2160424,510.6490096,406.3545002,1503.599261,924.9612143,0,1183.953714,0,0,0,258.9925,258.9925,0,0,1.650788517,11.32403367,0
154,87.8653632,74.28548327,311.0436164,78.69839794,504.4078947,0,805.4535039,143.5879914,191.0729574,2336.064354,1315.62797,0,1368.591912,70.82855814,0,0,123.7925,123.7925,0,0,1.650788517,12.97482219,0
155,92.6284656,74.28548327,35.3654338,52.43565699,313.8377193,0,537.2249952,59.12267965,0,3520.129527,0,0,155.6079087,47.19209129,0,0,202.8,202.8,0,0,1.650788517,14.6256107,0
156,96.24647383,74.28548327,0,0,158.6074561,0,873.6134426,14.17622125,26.10072221,3520.129527,0,123.7925,0,0,0,0,123.7925,123.7925,0,0,1.650788517,16.27639922,0
157,96.13534011,63.74597185,0,0,164.2763158,0,584.9417088,18.04502289,13.65001906,3382.582305,0,67.6,0,0,0,0,67.6,67.6,0,0,1.416577152,17.92718774,0
158,96.21614331,21.90191835,0,0,135.9320175,0,945.6785635,26.04729887,8.233342989,3307.471194,0,101.4,0,0,0,0,101.4,101.4,0,0,0.486709297,19.34376489,0
159,102.7041113,74.28548327,0,0,126.8859649,0,430.940157,7.857864512,57.96149418,3194.804527,0,247.585,0,0,0,0,247.585,247.585,0,0,1.650788517,19.83047419,0
160,100.2786994,74.28548327,0,0,211.7982456,0,231.6639969,235.5116142,198.2775513,2919.710083,0,123.7925,0,0,0,0,123.7925,123.7925,0,0,1.650788517,21.4812627,0
161,106.4350121,74.28548327,2.806546474,192.8346617,396.6995614,0,396.8518916,370.042865,349.7050071,2782.162861,0,0,12.34880449,173.5511955,0,0,185.9,185.9,0,0,1.650788517,23.13205122,0
162,104.9321794,0,0,0,164.0350877,0,758.7135615,279.5010742,220.3981659,2782.162861,0,73.0925,0,0,0,0,73.0925,73.0925,0,0,0,24.78283974,0
163,93.64396457,0,0,0,0,56.17032923,288.7112546,0,37.47363534,2700.948972,0,107.0881049,0,0,67.40439508,0,174.4925,174.4925,0,3.510645577,0,24.78283974,0
164,74.56239703,0,0,0,0,74.56239703,167.121494,0,0,2581.962189,0,231.6251236,0,0,89.47487643,0,321.1,321.1,0,4.660149814,0,21.27219416,0
165,54.53128114,0,0,0,0,54.53128114,167.121494,0,0,2324.60094,0,345.6549626,0,0,65.43753737,0,411.0925,411.0925,0,3.408205071,0,16.61204435,0
166,36.59426057,0,0,0,0,36.59426057,167.121494,0,0,1940.539871,0,164.3793873,0,0,43.91311269,0,208.2925,208.2925,0,2.287141286,0,13.20383927,0
167,33.89669486,0,0,0,0,33.89669486,167.121494,0,0,1757.896107,0,66.21646617,0,0,40.67603383,0,106.8925,106.8925,0,2.118543429,0,10.91669799,0
168,12.95118171,0,0,0,0,12.95118171,167.121494,0,0,1684.322256,0,186.811153,0,0,15.54141806,0,23.7735735,23.7735735,178.5789976,0.809448857,0,8.79815456,0
169,9.644334857,0,0,0,0,9.644334857,167.121494,0,0,1476.754308,0,0,0,0,11.57320183,0,3.7103265,3.7103265,7.862875329,0.602770929,0,7.988705703,0
170,2.441163429,0,0,0,0,2.441163429,167.121494,0,0,1476.754308,0,1142.374877,0,0,2.929396114,0,1.7864535,1.7864535,1143.517819,0.152572714,0,7.385934774,0
171,0.464338286,0,0,0,0,0.464338286,167.121494,0,0,207.4488893,0,0,0,0,0.557205943,0,0,0,0.557205943,0.029021143,0,7.23336206,0
172,2.05E-16,0,0,0,0,0,167.121494,0,0,207.4488893,0,1.7864535,0,0,0,0,1.7864535,1.7864535,0,0,0,7.204340917,0
173,3.54E-16,0,0,0,0,0,167.121494,0,0,205.4639409,0,3.7103265,0,0,0,0,3.7103265,3.7103265,0,0,0,7.204340917,0
174,0.008989714,0,0,0,0,0.008989714,167.121494,0,0,201.3413559,0,29.25956584,0,0,0.010787657,0,29.2703535,29.2703535,0,0.000561857,0,7.204340917,0
175,21.45473486,0,0,0,2.532894737,18.92184012,167.121494,0,0,168.8307272,0,59.74549186,0,0,22.70620814,0,82.4517,82.4517,0,1.182615008,0,7.20377906,0
176,62.1215184,0,0,0,87.08333333,14.77786446,216.2626255,120.0218736,80.2821942,102.4468474,0,92.20216264,0,0,17.73343736,0,109.9356,109.9356,0,0.923616529,0,6.021164052,0
177,96.35905371,74.28548327,14.92386843,20.63681381,212.0394737,0,335.8739046,71.09940261,65.26514814,0,0,0,65.66502107,18.57313243,0,0,84.2381535,84.2381535,0,0,1.650788517,5.097547523,0
178,125.2156197,74.28548327,142.9595238,0,378.004386,0,283.8805289,395.6846988,360.1409396,0,0,0,629.0219049,0,0,0,40.2639135,40.2639135,588.7579914,0,1.650788517,6.74833604,0
179,125.7730862,74.28548327,288.9342555,0,559.2872807,0,576.6748088,287.6544432,217.3599874,0,0,0,1271.310724,0,0,0,65.96136,65.96136,1205.349364,0,1.650788517,8.399124557,0
180,159.3588411,74.28548327,174.3687825,341.9205464,688.2236842,0,564.4588754,45.56193806,107.2719072,0,0,0,767.222643,307.7284917,0,0,40.2639135,40.2639135,1034.687221,0,1.650788517,10.04991307,0
181,173.9011111,74.28548327,0,307.5343858,615.0109649,0,567.8697359,371.5074197,312.217435,0,0,0,0,276.7809472,0,0,21.98712,21.98712,254.7938272,0,1.650788517,11.70070159,0
182,187.3947243,74.28548327,0,261.0041761,611.0307018,0,469.1597057,464.2263723,375.8800543,0,0,0,0,234.9037585,0,0,32.98068,32.98068,201.9230785,0,1.650788517,13.35149011,0
183,192.594805,74.28548327,299.1416962,169.2969402,669.1666667,0,658.084774,0,66.15225806,0,1388.062883,0,1316.223463,152.3672462,0,0,80.527827,80.527827,0,0,1.650788517,15.00227863,0
184,167.449115,74.28548327,47.70302572,277.0432568,568.6951754,0,337.2794848,22.71071427,20.49641963,1249.256594,418.9683308,0,209.8933131,249.3389312,0,0,40.2639135,40.2639135,0,0,1.650788517,16.65306714,0
185,153.1065079,74.28548327,1.533762529,59.68447208,376.6776316,0,611.0538163,377.8688923,289.8014865,1626.328092,0,0,6.748555126,53.71602487,0,0,60.46458,60.46458,0,0,1.650788517,18.30385566,0
186,141.2973847,0,0,0,65.37280702,51.63106912,773.2019418,16.53968892,40.83319746,1626.328092,38.18370945,0,0,0,61.95728295,0,23.7735735,23.7735735,0,3.22694182,0,19.95464418,0
187,106.756896,0,0,0,0,106.756896,486.9412069,0,0,1660.693431,71.3540217,0,0,0,128.1082752,0,56.7542535,56.7542535,0,6.672306,0,16.72770236,0
188,98.6317968,0,0,0,0,98.6317968,486.9412069,0,0,1724.91205,13.91933616,0,0,0,118.3581562,0,104.43882,104.43882,0,6.1644873,0,10.05539636,0
189,87.94865486,0,0,0,0,87.94865486,486.9412069,0,0,1737.439453,0,28.17078767,0,0,105.5383858,0,133.7091735,133.7091735,0,5.496790929,0,3.890909057,4.629902872
190,48.384336,0,0,0,0,48.384336,486.9412069,0,0,1706.138577,0,9.6866103,0,0,58.0612032,0,67.7478135,67.7478135,0,3.024021,0,3.024021,0
191,46.00160571,0,0,0,0,20.68254511,411.7711505,0,25.3190606,1695.375677,0,9.948079363,0,0,24.81905414,0,34.7671335,34.7671335,0,1.29265907,0,0,1.29265907
192,6.08E-16,0,0,0,0,0,167.121494,0,0,1684.322256,0,40.198453,0,0,0,0,40.198453,40.198453,0,0,0,0,0
193,-3.85E-16,0,0,0,0,0,167.121494,0,0,1639.657308,0,487.299598,0,0,0,0,6.273747,6.273747,481.025851,0,0,0,0
194,1.54E-17,0,0,0,0,0,167.121494,0,0,1098.21331,0,3.020693,0,0,0,0,3.020693,3.020693,0,0,0,0,0
195,0,0,0,0,0,0,167.121494,0,0,1094.856984,0,0,0,0,0,0,0,0,0,0,0,0,0
196,3.70E-16,0,0,0,0,0,167.121494,0,0,1094.856984,0,3.020693,0,0,0,0,3.020693,3.020693,0,0,0,0,0
197,1.85E-16,0,0,0,0,0,167.121494,0,0,1091.500659,0,6.273747,0,0,0,0,6.273747,6.273747,0,0,0,0,0
198,0,45.51113403,0,0,108.6732456,7.464574969,440.1577178,77.36757732,6.740890759,1084.529829,0,40.53540304,0,0,8.957489963,0,49.492893,49.492893,0,0.466535936,1.011358534,0,0
199,1.858395429,74.28548327,184.4415381,0,303.4649123,0.736252051,546.3903028,415.8649971,372.2492496,1039.490492,673.0096702,0,811.5427677,0,0.883502461,0,139.4166,139.4166,0,0.046015753,1.650788517,0.544822598,0
200,22.43887406,74.28548327,313.6064922,0,372.2149123,0,736.9861879,0,38.11593728,1645.199195,1193.979766,0,1379.868566,0,0,0,185.8888,185.8888,0,0,1.650788517,2.149595362,0
201,48.33511406,74.28548327,0,0,190.0877193,0,907.401102,330.0338645,262.5667425,2719.780985,0,142.437293,0,0,0,0,142.437293,142.437293,0,0,1.650788517,3.800383879,0
202,81.51092503,24.14696971,0,0,84.30921053,0,787.5090952,1.447368421,22.79605263,2561.517326,0,68.081773,0,0,0,0,68.081773,68.081773,0,0,0.536599327,5.451172396,0
203,96.81087154,57.53718373,0,0,162.7083333,0,728.4719889,18.74801666,10.3877386,2485.870911,0,111.53328,0,0,0,0,111.53328,111.53328,0,0,1.278604083,5.987771723,0
204,132.2967785,0,0,0,130.8662281,0,887.7687735,19.70589839,21.13644883,2361.945045,0,68.081773,0,0,0,0,68.081773,68.081773,0,0,0,7.266375806,0
205,144.1784578,0,0,0,67.54385965,31.61878895,368.5568424,0,45.01580923,2286.29863,0.764786745,0,0,0,37.94254674,0,37.17776,37.17776,0,1.97617431,0,7.266375806,0
206,137.4472464,0,0,0,76.22807018,61.7060285,167.121494,0.486852274,0,2286.986938,18.2805942,0,0,0,74.0472342,0,55.76664,55.76664,0,3.856626781,0,5.290201497,0
207,147.4641333,0,0,0,187.6754386,0,318.8885382,41.75138018,1.540074841,2303.439473,0,136.163546,0,0,0,0,136.163546,136.163546,0,0,0,1.433574715,1.566149049
208,129.0070642,0,0,0,54.63815789,47.99558023,526.1799581,20.09472517,46.46805128,2152.146644,0,10.48707673,0,0,57.59469627,0,68.081773,68.081773,0,2.999723764,0,2.999723764,0
209,116.2255145,0,0,0,0,116.2255145,271.2987758,0,0,2140.494337,37.23177742,0,0,0,139.4706174,0,102.23884,102.23884,0,7.264094657,0,0,7.264094657
210,88.21841143,0,0,0,0,88.21841143,271.2987758,0,0,2174.002936,65.66364071,0,0,0,105.8620937,0,40.198453,40.198453,0,5.513650714,0,0,9.510490714
211,63.94944,0,0,0,0,63.94944,271.2987758,0,0,2233.100213,0,19.225765,0,0,76.739328,0,95.965093,95.965093,0,3.99684,0,3.99684,0
212,50.01424937,0,0,0,0,50.01424937,271.2987758,0,0,2211.738252,0,116.5772608,0,0,60.01709925,0,176.59436,176.59436,0,3.125890586,0,0,3.125890586
213,31.62249257,0,0,0,0,31.62249257,271.2987758,0,0,2082.207962,0,188.1402619,0,0,37.94699109,0,226.087253,226.087253,0,1.976405786,0,0,1.976405786
214,2.82036,0,0,0,0,2.82036,271.2987758,0,0,1873.163227,0,111.169541,0,0,3.384432,0,114.553973,114.553973,0,0.1762725,0,0,0.1762725
215,-5.67E-16,0,0,0,0,0,271.2987758,0,0,1749.641514,0,58.787333,0,0,0,0,58.787333,58.787333,0,0,0,0,0.0438102
216,0.606333168,0,0,0,0,0.606333168,271.2987758,0,0,1684.322256,0,1142.37491,0,0,0.727599802,0,21.654756,21.654756,1121.447754,0.037895823,0,0.0438102,0
217,0.094630032,0,0,0,0,0.094630032,271.2987758,0,0,415.0167997,0,341.2634524,0,0,0.113556038,0,3.379644,3.379644,337.9973645,0.005914377,0,0.005914377,0
218,0.045562608,0,0,0,0,0.045562608,271.2987758,0,0,35.8351859,0,1.57256087,0,0,0.05467513,0,1.627236,1.627236,0,0.002847663,0,0,0.002847663
219,0,0,0,0,0,0,271.2987758,0,0,34.08789605,0,0,0,0,0,0,0,0,0,0,0,0,0
220,0.045562608,0,0,0,0,0.045562608,271.2987758,0,0,34.08789605,0,1.57256087,0,0,0.05467513,0,1.627236,1.627236,0,0.002847663,0,0,0.002847663
221,0.094630032,0,0,0,0,0.094630032,271.2987758,0,0,32.34060619,0,3.266087962,0,0,0.113556038,0,3.379644,3.379644,0,0.005914377,0,0,0.048684085
222,0.746525808,0,0,0,0.120614035,0.684315324,271.2987758,0.058403551,0,28.71161957,0,25.84045761,0,0,0.821178389,0,26.661636,26.661636,0,0.042769708,0,0.042769708,0
223,2.1028896,74.28548327,0,164.4859437,321.3157895,18.14657197,390.9131699,417.8037351,319.2156902,0,0,0,0,148.0373493,21.77588637,0,75.1032,75.1032,94.71003568,1.134160748,1.650788517,0,0
224,2.8038528,74.28548327,140.4420192,341.9205464,509.8355263,0,656.7562739,0,49.61637538,0,0,0,617.9448847,307.7284917,0,0,100.1376,100.1376,825.5357764,0,1.650788517,0.516627769,0
225,2.148452208,74.28548327,321.9488246,218.1961873,605.3618421,0,210.1248412,5.427631579,16.64473684,0,0,0,1416.574828,196.3765686,0,0,76.730436,76.730436,1536.220961,0,1.650788517,2.167416286,0
226,1.026911088,74.28548327,321.9488246,227.4933956,620.1973684,0,234.0054713,2.382945692,6.94019182,0,0,0,1416.574828,204.7440561,0,0,36.675396,36.675396,1584.643488,0,1.650788517,3.818204803,0
227,1.68231168,74.28548327,321.9488246,188.3776085,587.1491228,0,218.7226958,8.768152077,7.913257249,0,0,0,1416.574828,169.5398476,0,0,60.08256,60.08256,1526.032116,0,1.650788517,5.46899332,0
228,1.026911088,74.28548327,139.4203712,341.9205464,579.0679825,0,271.9204392,22.41467053,0,0,0,0,613.4496332,307.7284917,0,0,36.675396,36.675396,884.502729,0,1.650788517,7.119781837,0
229,0.56077056,74.28548327,321.9488246,240.5852729,617.1820175,0,254.4492587,0.316988266,20.51532206,0,1613.074054,0,1416.574828,216.5267456,0,0,20.02752,20.02752,0,0,1.650788517,8.770570354,0
230,0.84115584,74.28548327,195.4611354,341.9205464,632.7412281,0,309.1613509,20.97921465,0.74630744,1451.766648,0,562.8937261,860.0289956,307.7284917,0,0,30.04128,30.04128,1700.609933,0,1.650788517,10.42135887,0
231,2.053822176,74.28548327,321.9488246,137.493724,518.6403509,0,450.0400838,10.72749406,27.86899717,826.3291749,1466.968388,0,1416.574828,123.7443516,0,0,73.350792,73.350792,0,0,1.650788517,12.07214739,0
232,1.026911088,74.28548327,0,57.93702501,172.9605263,0.493293904,702.4430889,287.1170664,246.9126656,2146.600724,16.0598792,0,0,52.14332251,0.591952685,0,36.675396,36.675396,0,0.030830869,1.650788517,13.72293591,0
233,1.54211904,0,0,0,0,0,312.4311654,0,1.54211904,2161.054615,0,55.07568,0,0,0,0,55.07568,55.07568,0,0,0,15.34289355,0
234,0.606333168,0,0,0,0,0,298.3694747,0,0.606333168,2099.859415,0,21.654756,0,0,0,0,21.654756,21.654756,0,0,0,15.34289355,0
235,1.447489008,0,0,0,0,0,285.8406798,0,1.447489008,2075.798575,0,51.696036,0,0,0,0,51.696036,51.696036,0,0,0,15.34289355,0
236,2.66366016,0,0,0,0,0,260.5156172,0,2.66366016,2018.358535,0,95.13072,0,0,0,0,95.13072,95.13072,0,0,0,15.34289355,0
237,3.410185968,0,0,0,0,0,222.5473921,0,3.410185968,1912.657735,0,121.792356,0,0,0,0,121.792356,121.792356,0,0,0,15.34289355,0
238,1.727874288,0,0,0,0,0,189.211058,0,1.727874288,1777.332895,0,61.709796,0,0,0,0,61.709796,61.709796,0,0,0,15.34289355,0
239,0.886718448,0,0,0,0,8.057280305,172.2551272,7.983387101,0.812825244,1708.766455,0,21.99977963,0,0,9.668736365,0,31.668516,31.668516,0,0.503580019,0,15.34289355,0
240,100.6212393,0,194.8522267,0,0,288.2684591,174.7057118,0,7.205006858,1684.322256,0,0,857.3497973,0,345.922151,1181.60266,21.669288,1203.271948,0,18.0167787,0,14.83931353,41.27224838
241,103.6601291,0,196.1646334,0,0,299.8247625,167.121494,0,0,1684.322256,0,0,863.124387,0,359.789715,1219.53219,3.381912,1222.914102,0,18.73904766,0,38.09478322,0
242,107.8485814,0,201.8431876,0,0,309.691769,167.121494,0,0,1684.322256,0,0,888.1100255,0,371.6301228,1258.11182,1.628328,1259.740148,0,19.35573556,0,19.35573556,0
243,113.39808,0,209.4186229,0,0,322.8167029,167.121494,0,0,1684.322256,0,0,921.4419407,0,387.3800435,1308.821984,0,1308.821984,0,20.17604393,0,0,20.17604393
244,118.6203437,0,216.782096,0,0,335.4024397,167.121494,0,0,1684.322256,0,0,953.8412225,0,402.4829276,1354.695822,1.628328,1356.32415,0,20.96265248,0,0,20.96265248
245,124.3899543,0,224.9139644,0,0,349.3039187,167.121494,0,0,1684.322256,0,0,989.6214434,0,419.1647024,1405.404234,3.381912,1408.786146,0,21.83149492,0,0,87.16794352
246,129.4535487,0,332.17639,0,0,462.5624641,167.121494,0.93252542,0,1684.322256,552.7731401,0,1461.576116,0,555.074957,1437.198405,26.679528,1463.877933,0,28.91015401,0,65.33644861,0
247,246.5799545,0,338.5663093,0,17.12719298,582.8207136,283.2139884,14.80164274,0,2181.818082,0,345.1648044,1489.691761,0,699.3848563,2459.087822,75.1536,2534.241422,0,36.4262946,0,36.4262946,0
248,247.9543515,0,338.5663093,0,104.6929825,490.8025631,414.7001354,8.974884777,0,1798.301632,0,478.3288481,1489.691761,0,588.9630758,2456.778885,100.2048,2556.983685,0,30.6751602,0,0,30.6751602
249,211.7845181,0,338.5663093,0,302.620614,295.4354263,500.511768,47.70521302,0,1266.825134,0,378.7143393,1489.691761,0,354.5225116,2146.146684,76.781928,2222.928612,0,18.46471414,0,0,41.96404878
250,150.4150531,0,273.8199151,0,48.24561404,375.9893542,992.6441259,0,0,846.0314241,0,0,1204.807626,0,451.187225,1619.294843,36.700008,1655.994851,0,23.49933463,0,23.49933463,0
251,124.9974875,0,238.4221816,0,39.44078947,323.9788796,992.6441259,0,0,846.0314241,0,0,1049.057599,0,388.7746556,1377.709375,60.12288,1437.832255,0,20.24867998,0,0,43.75129448
252,81.15958406,0,177.2554727,0,45.83333333,212.5817234,992.6441259,0,0,846.0314241,0,0,779.9240797,0,255.0980681,998.3221397,36.700008,1035.022148,0,13.28635771,0,23.50261451,0
253,69.27696357,0,164.8629697,0,70.67982456,163.4601087,992.6441259,0,0,846.0314241,0,0,725.3970667,0,196.1521304,901.5082371,20.04096,921.5491971,0,10.21625679,0,10.21625679,0
254,61.76576283,0,217.5763424,0,78.88157895,200.4605263,992.6441259,0,0,846.0314241,339.5202778,0,957.3359067,0,240.5526316,828.3068205,30.06144,858.3682605,0,12.52878289,0,0,21.7526417
255,51.94045956,0,138.9084396,0,42.93859649,147.5817409,989.9913612,0.884634941,1.213196722,1151.599674,0,0,611.1971344,0,177.0980891,714.8952075,73.400016,788.2952235,0,9.223858808,0,9.223858808,0
256,54.89935184,0,172.393079,0,0,227.2924308,987.4043741,0,0,1151.599674,231.7182399,0,758.5295476,0,272.750917,762.8622167,36.700008,799.5622247,0,14.20577693,0,0,56.3895053
257,118.7224949,0,220.8959559,0,0,339.6184509,987.4043741,0,0,1360.14609,0,0,971.9422061,0,407.542141,1324.371707,55.11264,1379.484347,0,21.22615318,0,42.18372837,0
258,117.9627239,0,217.3584792,0,0,335.3212031,987.4043741,0,0,1360.14609,0,0,956.3773085,0,402.3854437,1337.093464,21.669288,1358.762752,0,20.95757519,0,20.95757519,0
259,91.00996057,0,182.2114274,0,0,273.221388,987.4043741,0,0,1360.14609,0,0,801.7302806,0,327.8656656,1077.865218,51.730728,1129.595946,0,17.07633675,0,0,40.15977619
260,129.9254065,0,239.4096246,0,0,369.3350311,987.4043741,0,0,1360.14609,0,0,1053.402348,0,443.2020374,1401.409826,95.19456,1496.604386,0,23.08343945,0,23.08343945,0
261,122.2782297,0,230.7855176,0,0,353.0637474,987.4043741,0,0,1360.14609,0,0,1015.456278,0,423.6764968,1317.258686,121.874088,1439.132774,0,22.06648421,0,0,22.06648421
262,92.18894726,0,184.5907193,0,0,276.7796665,987.4043741,0,0,1360.14609,0,0,812.1991647,0,332.1355998,1082.583557,61.751208,1144.334765,0,17.29872916,0,0,17.29872916
263,94.2650866,0,249.2700291,0,0,344.8793779,987.4043741,1.344262296,0,1360.14609,360.1957395,0,1096.788128,0,413.8552535,1118.757874,31.689768,1150.447642,0,21.55496112,0,0,51.05447882
264,151.2985814,0,320.6937018,0,0,471.9922832,1002.728964,0,0,1684.322256,318.6092912,0,1411.052288,0,566.3907399,1634.355794,24.477943,1658.833737,0,29.4995177,0,29.4995177,0
265,152.5509733,0,333.7988312,0,0,486.3498045,1002.728964,0,0,1971.070618,390.8630171,0,1468.714857,0,583.6197654,1657.651348,3.820257,1661.471605,0,30.39686278,0,0,30.39686278
266,155.0938329,0,338.5663093,0,0,492.6608835,1000.625262,0,0.999258686,2322.847333,397.4367527,0,1489.691761,0,591.1930603,1681.608685,1.839383,1683.448068,0,30.79130522,0,0,30.79130522
267,157.476408,0,338.5663093,0,0,493.4597795,987.3878674,0,2.582937783,2680.54041,377.7972951,0,1489.691761,0,592.1517354,1704.046201,0,1704.046201,0,30.84123622,0,0,30.84123622
268,159.9872992,0,336.0538869,0,0,496.0411862,957.4801668,0,0,3020.557976,346.5616486,0,1478.637103,0,595.2494234,1725.485494,1.839383,1727.324877,0,31.00257414,0,0,31.00257414
269,162.1762865,0,330.797416,0,0,488.3183492,957.4801668,0,4.655353325,3332.46346,293.7145717,0,1455.508631,0,585.982019,1743.955821,3.820257,1747.776078,0,30.51989682,0,0,61.54765653
270,165.3678517,0,321.9488246,0,0,496.4441553,985.3867542,9.127478996,0,3596.806574,224.969419,0,1416.574828,0,595.7329863,1757.200812,30.137583,1787.338395,0,31.0277597,0,31.0277597,0
271,316.4688597,0,307.390235,0,0,557.7068366,828.8319003,0,66.15225806,3799.279051,0,1143.179841,1352.517034,0,669.2482039,3080.050479,84.8946,3164.945079,0,34.85667729,0,0,34.85667729
272,335.389811,0,338.5663093,0,174.4078947,594.6997062,318.8693044,297.427924,202.2764433,2529.079228,0,1143.035912,1489.691761,0,713.6396474,3233.17452,113.1928,3346.36732,0,37.16873164,0,0,37.16873164
273,298.2624592,0,321.9488246,312.7713843,372.2149123,538.1054171,781.5580545,0,22.66233872,1259.039326,0,658.6685172,1416.574828,281.4942459,645.7265005,2915.730109,86.733983,3002.464092,0,33.63158857,0,0,33.63158857
274,277.8500804,0,321.9488246,263.7624784,247.9824561,621.5507275,787.2166545,18.39504585,12.42324561,527.1854179,0,400.7855954,1416.574828,237.3862306,745.860873,2759.150664,41.456863,2800.607527,0,38.84692047,0,0,108.3679276
275,224.2951225,0,321.9488246,161.0016469,146.5460526,580.2155769,912.3254824,20.48094787,0.964912281,81.86808975,0,73.68128077,1416.574828,144.9014822,696.2586923,2263.500603,67.91568,2331.416283,0,36.26347356,0,69.52100715,0
276,208.1562912,0,321.9488246,133.9835476,133.0372807,532.1205375,990.5405986,1.069154882,0,0,0,0,1416.574828,120.5851928,638.544645,2134.247803,41.456863,2175.704666,0,33.25753359,0,33.25753359,0
277,193.481084,0,321.9488246,71.28737578,123.75,462.9672844,1002.728964,0,0,0,0,0,1416.574828,64.1586382,555.5607412,2013.655648,22.63856,2036.294208,0,28.93545527,0,0,28.93545527
278,181.4875075,0,321.9488246,18.90401185,105.7785088,416.5618352,1002.728964,0,0,0,0,0,1416.574828,17.01361067,499.8742022,1899.504801,33.95784,1933.462641,0,26.0351147,0,0,26.0351147
279,130.3687145,0,321.9488246,0,1.688596491,430.2525659,1002.728964,0,20.37637667,0,437.4062735,0,1416.574828,0,516.3030791,1412.557908,82.913726,1495.471634,0,26.89078537,0,0,87.46727523
280,183.640715,0,321.9488246,0,0,484.0396245,502.233302,0,21.54991508,393.6656462,41.53433926,0,1416.574828,0,580.8475493,1914.431175,41.456863,1955.888038,0,30.25247653,0,60.57648986,0
281,187.4613551,0,321.9488246,0,0,485.1842133,429.9555945,0,24.22596631,431.0465515,0,0,1416.574828,0,582.221056,1936.539844,62.25604,1998.795884,0,30.32401333,0,30.32401333,0
282,206.8394726,0,321.9488246,0,0,602.0871981,703.2779196,73.2989009,0,431.0465515,0,17.75649151,1416.574828,0,722.5046377,2132.358014,24.477943,2156.835957,0,37.63044988,0,0,37.63044988
283,181.0841783,0,321.9488246,0,0,498.044623,944.9687761,0,4.988379888,411.3171165,74.20170708,0,1416.574828,0,597.6535476,1881.590886,58.435783,1940.026669,0,31.12778894,0,0,31.12778894
284,193.9471812,0,321.9488246,0,0,521.4232965,939.7178499,5.527290735,0,478.0986529,0,33.49852911,1416.574828,0,625.7079558,1968.248153,107.53316,2075.781313,0,32.58895603,0,0,65.05963611
285,186.3494644,0,338.5663093,0,0,519.5308813,940.3775792,0,5.384892349,440.878065,92.93742362,0,1489.691761,0,623.4370576,1882.520652,137.670743,2020.191395,0,32.47068008,0,32.47068008,0
286,121.6482967,0,337.6255809,0,0,461.4297872,934.7092714,2.155909535,0,524.5217462,627.4602028,0,1485.552556,0,553.7157446,1342.053035,69.755063,1411.808098,0,28.8393617,0,0,57.74139943
287,120.0555642,0,338.5663093,0,0,462.4326037,962.9068338,3.810730186,0,1089.235929,661.2070298,0,1489.691761,0,554.9191244,1347.606633,35.797223,1383.403856,0,28.90203773,0,28.90203773,0
