,ele_load,p_el,p_hp,p_eb,p_pv_hour,p_fc_hour,p_bs_hour,p_bs_ch_hour,p_bs_di_hour,g_ht,g_ht_ch,g_ht_di,g_hp,g_eb,g_fc_hour,g_demand,water_load,total_g_load,g_rh,h_fc_hour,h_el,h_hs,h_pur
0,184.5280381954286,0.0,310.23668105827437,0.0,0.0,494.76471925370305,1001.6392063493422,0.0,0.0,1684.2891220876813,0.0,0.0,1365.0413966564072,0.0,593.7176631044433,1929.5288067608506,29.230253,1958.7590597608505,0.0,30.922794953356433,0.0,0.0,62.507486076113416
1,189.7325416902856,0.0,315.6225162738261,0.0,0.0,505.3550579641115,1001.6392063493422,0.0,0.0,1684.2891220876813,0.0,0.0,1388.7390716048349,0.0,606.4260695569341,1990.6031941617691,4.561947,1995.165141161769,0.0,31.584691122756983,0.0,31.584691122756983,0.0
2,195.558107544,0.0,323.5260725736244,0.0,0.0,519.0841801176244,1001.6392063493422,0.0,0.0,1684.2891220876813,0.0,0.0,1423.5147193239472,0.0,622.9010161411492,2044.2192424650964,2.196493,2046.4157354650963,0.0,32.44276125735153,0.0,0.0,65.81226596040644
3,201.838758857142,0.0,332.07331639173645,0.0,0.0,533.9120752488783,1001.6392063493422,0.0,0.0,1684.2891220876813,0.0,0.0,1461.1225921236405,0.0,640.6944902986542,2101.817082422295,0.0,2101.817082422295,0.0,33.36950470305491,0.0,33.36950470305491,0.0
4,208.433397829714,0.0,338.565862197918,0.0,0.0,546.999260027632,1001.6392063493422,0.0,0.0,1684.2891220876813,0.0,15.77191924513022,1489.6897936708394,0.0,656.3991120331584,2159.664331949128,2.196493,2161.860824949128,0.0,34.18745375172701,0.0,0.0,34.18745375172701
5,213.285658261714,0.0,338.565862197918,0.0,0.0,551.8515204596318,1001.6392063493422,0.0,0.0,1666.76476737087,0.0,54.44034590625688,1489.6897936708394,0.0,662.2218245515585,2201.7900171286547,4.561947,2206.351964128655,0.0,34.490720028727,0.0,0.0,34.490720028727
6,218.75672971542798,0.0,338.565862197918,0.0,0.0,557.322591913346,1001.6392063493422,0.0,0.0,1606.2754941416956,0.0,110.00137892633109,1489.6897936708394,0.0,668.7871102960152,2232.489589893186,35.988693,2268.4782828931857,0.0,34.832661994584136,0.0,0.0,34.832661994584136
7,224.38272137142798,0.0,338.565862197918,0.0,0.0,562.9485835693459,1001.6392063493422,0.0,0.0,1484.0517397791054,0.0,180.89012201095147,1489.6897936708394,0.0,675.5383002832152,2244.741615965006,101.3766,2346.118215965006,0.0,35.18428647308413,0.0,0.0,71.41229312762187
8,244.459437257142,0.0,338.565862197918,0.0,3.3771929824561404,579.648106472604,1001.6392063493422,0.0,0.0,1283.0627153224927,0.0,354.92096042071466,1489.6897936708394,0.0,695.5777277671245,2405.0196818586787,135.1688,2540.1884818586786,0.0,36.228006654537744,0.0,36.228006654537744,0.0
9,222.30546502971401,0.0,338.565862197918,0.0,74.53947368421053,486.3318535434216,1001.6392063493422,0.0,0.0,888.7060926328097,0.0,255.11820005058757,1489.6897936708394,0.0,583.5982242521059,2224.833124973533,103.573093,2328.406217973533,0.0,30.395740846463845,0.0,0.0,30.395740846463845
10,192.8027132125714,0.0,338.565862197918,0.0,119.40789473684212,411.9606806736474,1001.6392063493422,0.0,0.0,605.2414259099346,0.0,57.343110315190756,1489.6897936708394,0.0,494.3528168083768,1991.880147794407,49.505573,2041.385720794407,0.0,25.747542542102956,0.0,0.0,25.747542542102956
11,172.7464852114286,0.0,338.565862197918,0.0,138.46491228070175,372.8474351286449,1001.6392063493422,0.0,0.0,541.526858893056,62.4125546005846,0.0,1489.6897936708394,0.0,447.4169221543739,1793.5928812246286,81.10128,1874.6941612246287,0.0,23.3029646955403,0.0,0.0,42.157624452158586
12,150.2382661268572,0.0,321.5020794527195,0.0,170.06578947368425,301.6745561058925,1001.6392063493422,0.0,0.0,597.6981580335821,116.88304098394762,0.0,1414.609149591966,0.0,362.009467327071,1610.2300029350893,49.505573,1659.7355759350892,0.0,18.854659756618283,0.0,18.854659756618283,0.0
13,125.9711178514286,0.0,338.565862197918,0.0,335.42763157894734,104.78250938354556,922.7808284512013,1.5736727151860255,25.900511802039745,702.892894919135,182.62843715456154,0.0,1489.6897936708394,0.0,125.73901126025466,1405.7666077765325,27.03376,1432.8003677765325,0.0,6.5489068364715965,0.0,0.0,19.472670288596674
14,99.41144214857141,0.0,338.565862197918,0.0,214.45175438596493,206.78021523400125,634.1675535103603,17.66849385224209,34.413828578765354,867.2584883582404,537.5488330015828,0.0,1489.6897936708394,0.0,248.13625828080148,1159.7265789500582,40.55064,1200.277218950058,0.0,12.923763452125078,0.0,12.923763452125078,0.0
15,118.2872693965714,0.0,338.565862197918,0.0,205.04385964912282,228.6771926912987,402.5637860040906,0.0,23.13207925406788,1351.0524380596648,370.26298225335154,0.0,1489.6897936708394,0.0,274.41263122955843,1294.8282966470463,99.011146,1393.8394426470463,0.0,14.292324543206167,0.0,0.0,30.10526097710532
16,105.47974246971421,0.0,217.00092468319855,0.0,69.47368421052632,253.00698294238646,166.93986772489032,0.0,0.0,1684.2891220876813,0.0,0.0,954.8040686060737,0.0,303.6083795308638,1208.9068751369375,49.505573,1258.4124481369374,0.0,15.812936433899154,0.0,15.812936433899154,0.0
17,120.48639414857139,0.0,224.77042908569783,0.0,0.0,345.25682323426923,166.93986772489032,0.0,0.0,1684.2891220876813,0.0,0.0,988.9898879770705,0.0,414.308187881123,1328.9552358581934,74.34284,1403.2980758581934,0.0,21.578551452141824,0.0,0.0,21.578551452141824
18,142.2868039097142,0.0,251.6540727920369,0.0,0.0,393.94087670175117,166.93986772489032,0.0,0.0,1684.2891220876813,0.0,0.0,1107.2779202849624,0.0,472.72905204210133,1550.7767193270638,29.230253,1580.0069723270637,0.0,24.621304793859437,0.0,0.0,51.47944299458699
19,156.01937680114278,0.0,273.7108344104983,0.0,0.0,429.73021121164123,166.93986772489032,0.0,0.0,1684.2891220876813,0.0,0.0,1204.3276714061926,0.0,515.6762534539693,1650.2230318601617,69.780893,1720.0039248601618,0.0,26.858138200727556,0.0,26.858138200727556,0.0
20,170.1525279085714,0.0,297.6658255577325,0.0,0.0,467.8183534663039,166.93986772489032,0.0,0.0,1684.2891220876813,0.0,0.0,1309.729632454023,0.0,561.3820241595647,1742.7012966135876,128.41036,1871.1116566135877,0.0,29.238647091643994,0.0,0.0,29.238647091643994
21,161.2051234525714,0.0,287.9298631461193,0.0,0.0,449.13498659869066,166.93986772489032,0.0,0.0,1684.2891220876813,0.0,0.0,1266.891397842925,0.0,538.9619839184288,1641.4543287613537,164.399053,1805.8533817613538,0.0,28.070936662418166,0.0,0.0,28.070936662418166
22,163.1047360697142,0.0,284.5411001409707,0.0,0.0,447.645836210685,166.93986772489032,0.0,0.0,1684.2891220876813,0.0,0.0,1251.980840620271,0.0,537.1750034528219,1705.858071073093,83.297773,1789.155844073093,0.0,27.977864763167805,0.0,0.0,56.2610407063057
23,166.413104664,0.0,286.1177104262062,0.0,0.0,452.5308150902062,166.93986772489032,0.0,0.0,1684.2891220876813,0.0,0.0,1258.9179258753072,0.0,543.0369781082475,1759.2077709835546,42.747133,1801.9549039835547,0.0,28.283175943137895,0.0,28.283175943137895,0.0
24,132.5762788937142,0.0,321.94882457236196,0.0,0.0,454.525103466076,166.93986772489032,0.0,0.0,1684.2891220876813,471.09904507909516,0.0,1416.5748281183926,0.0,545.4301241592913,1466.5627311985886,24.343176,1490.9059071985887,0.0,28.40781896662975,0.0,0.0,28.40781896662975
25,135.737599734857,0.0,279.25548385388805,0.0,0.0,414.99308358874526,166.93986772489032,0.0,0.0,2108.278262658867,216.00851761674613,0.0,1228.7241289571075,0.0,497.9917003064939,1506.9080876468552,3.799224,1510.7073116468553,0.0,25.937067724296572,0.0,0.0,25.937067724296572
26,140.39472981942862,0.0,321.94882457236196,0.0,0.0,462.3435543917904,166.93986772489032,0.0,0.0,2302.6859285139385,419.74137410944024,0.0,1416.5748281183926,0.0,554.8122652701487,1549.816463279101,1.829256,1551.645719279101,0.0,28.896472149486915,0.0,0.0,28.896472149486915
27,145.3223794285714,0.0,321.94882457236196,0.0,0.0,467.27120400093344,166.93986772489032,0.0,0.0,2680.4531652124347,382.2320354288305,0.0,1416.5748281183928,0.0,560.72544480112,1595.0682374906823,0.0,1595.0682374906823,0.0,29.20445025005834,0.0,0.0,58.65212054240239
28,149.2139001051428,0.0,321.948824572362,0.0,0.0,471.16272467750485,166.93986772489032,0.0,0.0,3024.461997098382,351.24811063883647,0.0,1416.574828118393,0.0,565.3952696130058,1628.8927310925624,1.829256,1630.7219870925624,0.0,29.447670292344053,0.0,29.447670292344053,0.0
29,152.7962991634286,0.0,305.9118714895589,0.0,0.0,458.7081706529877,166.93986772489032,0.0,0.0,3340.585296673335,232.79949030886314,0.0,1346.0122345540592,0.0,550.449804783585,1659.863325028781,3.799224,1663.662549028781,0.0,28.669260665811723,0.0,0.0,87.45627953190592
30,157.50530901942858,0.0,321.94882457236196,0.0,0.0,480.8493570531911,166.93986772489032,1.3952234614005714,0.0,3550.1048379513118,276.8234261301958,0.0,1416.5748281183926,0.0,577.0192284638293,1686.7989744520262,29.971656,1716.7706304520261,0.0,30.053084815824437,0.0,58.78701886609419,0.0
31,301.684206171428,0.0,321.94882457236196,0.0,169.8245614035088,459.7429448043162,168.26533001322085,7.193664637948946,1.2591891739140146,3799.245921468488,0.0,1063.9191073953384,1416.5748281183928,0.0,551.6915337651793,2947.7582692789106,84.4272,3032.1854692789107,0.0,28.733934050269756,0.0,28.733934050269756,0.0
32,312.583492114286,0.0,338.565862197918,154.5538569834974,502.2368421052632,306.89845283957123,284.81291873094824,3.4320836491330056,0.0,2617.113579918112,0.0,1144.550990418037,1489.6897936708394,139.0984712851478,368.2781434074855,3029.0477987815098,112.5696,3141.6173987815096,0.0,19.181153302473206,0.0,0.0,43.281641162335006
33,268.356485705142,0.0,321.948824572362,339.302793914843,610.6688596491227,318.93924454322433,288.0733981976246,0.0,0.0,1345.3902572314043,0.0,629.4419284735577,1416.5748281183928,305.3725145233587,382.72709345186905,2647.859908567178,86.256456,2734.116364567178,0.0,19.933702783951517,0.0,24.100487859861804,0.0
34,211.197000356572,0.0,321.94882457236196,138.76396435580605,605.2412280701755,66.66856121456455,288.0733981976246,0.0,0.0,646.0103367052291,0.0,581.4093030347061,1416.5748281183928,124.88756792022545,80.00227345747749,2161.645356530802,41.228616,2202.873972530802,0.0,4.166785075910286,0.0,4.166785075910286,0.0
35,158.5301562514286,0.0,321.94882457236196,198.90423146160919,557.7192982456141,121.66391403978567,288.0733981976246,0.0,0.0,0.0,0.0,0.0,1416.5748281183928,179.01380831544824,145.9966968477428,1674.0435732815838,67.54176,1741.5853332815839,0.0,7.603994627486603,0.0,0.0,7.603994627486603
36,126.01216149942859,48.392690157765244,321.94882457236196,24.996924319122073,512.609649122807,0.0,227.68310116293603,8.705501571493338,17.446452997364208,0.0,0.0,0.0,1416.5748281183928,22.497231887209864,0.0,1397.8434440056026,41.228616,1439.0720600056027,0.0,0.0,1.0753931146170055,0.0,0.0
37,75.83898336,74.28548326912791,321.94882457236196,56.216182482720676,561.0964912280702,0.0,283.35653439155686,32.80701754385962,0.0,0.0,485.7539461509008,0.0,1416.5748281183928,50.59456423444861,0.0,958.9015262019407,22.51392,981.4154462019407,0.0,0.0,1.6507885170917314,1.0753931146170055,0.0
38,64.4064874971428,74.28548326912791,321.948824572362,153.04341518768302,617.061403508772,0.0,493.498558860624,10.975877192982486,7.598684210526294,437.1785515358107,670.7250639808497,0.0,1416.5748281183928,137.73907366891473,0.0,849.8179578064579,33.77088,883.588837806458,0.0,0.0,1.6507885170917314,2.726181631708737,0.0
39,66.6492877988572,74.28548326912791,321.94882457236207,104.00145146613,579.9122807017544,0.0,744.0584280405066,22.032775613225777,9.005542017948557,1040.8311091185756,586.2286542289143,0.0,1416.5748281183928,93.60130631951701,0.0,841.4902482089956,82.457232,923.9474802089956,0.0,0.0,1.6507885170917314,4.376970148800468,0.0
40,57.652940928,0.0,321.94882457236196,0.0,327.3464912280702,24.17595767294111,814.2254893836525,25.801604482335478,53.88092108168619,1568.4368979245983,619.4504927918241,0.0,1416.5748281183926,0.0,29.011149207529332,784.9068685340978,41.228616,826.1354845340978,0.0,1.510997354558819,0.0,6.0277586658921996,0.0
41,97.1808360685714,0.0,196.8022864713857,0.0,1.4473684210526316,292.53575411890444,321.03809794909574,0.0,0.0,2125.94234143724,27.811489309398087,0.0,865.9300604740972,0.0,351.04290494268537,1127.2481961073847,61.91328,1189.1614761073847,0.0,18.28348463243153,0.0,4.516761311333381,13.76672332109815
42,174.6376928365714,0.0,221.15450306083432,0.0,0.0,395.7921958974057,321.03809794909574,0.0,0.0,2150.9726818156983,0.0,420.0152037552162,973.079813467671,0.0,474.9506350768866,1843.7024762997737,24.343176,1868.0456522997738,0.0,24.737012243587856,0.0,0.0,24.737012243587856
43,121.286336448,0.0,224.67455105570195,0.0,0.0,345.96088750370194,321.03809794909574,0.0,0.0,1684.2891220876804,0.0,0.0,988.5680246450886,0.0,415.15306500444234,1345.607033649531,58.114056,1403.721089649531,0.0,21.62255546898137,0.0,0.0,21.62255546898137
44,157.6150007314286,0.0,278.68356677003425,0.0,0.0,436.29856750146274,321.03809794909574,0.0,0.0,1684.2891220876804,0.0,0.0,1226.2076937881507,0.0,523.5582810017553,1642.824854789906,106.94112,1749.765974789906,0.0,27.26866046884142,0.0,0.0,94.6294339805758
45,155.5364391222856,0.0,278.0268410913971,0.0,0.0,433.5632802136825,321.03809794909574,0.0,0.0,1684.2891220876804,0.0,-5.684341886080801e-13,1223.3181008021472,0.0,520.2759362564192,1606.681261058566,136.912776,1743.5940370585658,0.0,27.097705013355156,0.0,67.36077351173438,0.0
46,110.131883328,0.0,210.04094028242233,0.0,0.0,320.1728236104223,321.03809794909574,0.0,0.0,1684.289122087681,0.0,0.0,924.1801372426582,0.0,384.20738833250675,1239.016509575165,69.371016,1308.387525575165,0.0,20.01080147565139,0.0,40.263068498379226,0.0
47,112.80131514514281,0.0,211.2349572185026,0.0,0.0,324.03627236364537,321.03809794909574,0.0,0.0,1684.289122087681,0.0,-2.8421709430404007e-13,929.4338117614114,0.0,388.84352683637434,1282.6772025977855,35.600136,1318.2773385977855,0.0,20.252267022727835,0.0,20.252267022727835,0.0
48,52.5297798857142,0.0,127.03810283986962,0.0,0.0,179.56788272558381,321.03809794909574,0.0,0.0,1684.2891220876813,0.0,0.0,558.9676524954264,0.0,215.48145927070055,747.0459117661269,27.4032,774.4491117661269,0.0,11.222992670348987,0.0,0.0,27.121664608787853
49,56.283545828571405,0.0,130.52648535865498,0.0,0.0,186.81003118722637,321.03809794909574,0.0,0.0,1684.2891220876813,0.0,0.0,574.3165355780819,0.0,224.17203742467166,794.2117730027536,4.2768,798.4885730027536,0.0,11.67562694920165,0.0,15.898671938438866,0.0
50,59.054423314285806,0.0,8.514296513509656,0.0,0.0,67.56871982779546,321.03809794909574,0.0,0.0,1684.2891220876813,0.0,703.8657133787215,37.462904659442486,0.0,81.08246379335455,820.3518818315185,2.0592,822.4110818315186,0.0,4.223044989237217,0.0,4.223044989237217,0.0
51,59.9256308571428,0.0,119.96903449887701,0.0,0.0,179.89466535601977,321.03809794909574,0.0,0.0,902.2161072224352,0.0,85.62890605462132,527.8637517950589,0.0,215.87359842722373,829.3662562769039,0.0,829.3662562769039,0.0,11.243416584751236,0.0,0.0,11.243416584751236
52,63.317111314285796,0.0,140.11634689832098,0.0,0.0,203.43345821260678,321.03809794909574,0.0,0.0,807.0728782728544,0.0,0.0,616.5119263526124,0.0,244.1201498551281,858.5728762077404,2.0592,860.6320762077404,0.0,12.714591138287927,0.0,0.0,12.714591138287927
53,67.9967526857142,0.0,146.77104403352948,0.0,0.0,214.76779671924365,321.03809794909574,0.0,0.0,807.0728782728544,0.0,0.0,645.7925937475297,0.0,257.7213560630924,899.2371498106222,4.2768,903.5139498106222,0.0,13.422987294952728,0.0,0.0,13.422987294952728
54,74.6485158857142,0.0,158.7786754643974,0.0,2.774122807017544,230.65306854309404,321.03809794909574,0.0,0.0,807.0728782728544,0.0,0.0,698.6261720433486,0.0,276.7836822517129,941.6706542950615,33.7392,975.4098542950615,0.0,14.41581678394338,0.0,0.0,14.41581678394338
55,152.86917942857139,0.0,320.53644346009946,0.0,229.52850877192978,243.25246014791992,316.2585283775251,0.0,0.624653968821112,807.0728782728544,0.0,0.0,1410.3603512244376,0.0,291.90295217750383,1607.2233034019416,95.04,1702.2633034019416,0.0,15.203278759244995,0.0,0.0,23.297531682886127
56,154.7258550857142,0.0,338.565862197918,0.0,412.98245614035085,129.50804677825815,574.9629904604086,60.39398897563135,11.195203340654546,807.0728782728544,0.0,86.98735857113093,1489.6897936708394,0.0,155.40965613390978,1605.36680837588,126.72,1732.08680837588,0.0,8.094252923641132,0.0,8.094252923641132,0.0
57,133.3950089142856,0.0,291.30917325832263,0.0,215.05482456140354,205.62169517715324,826.3089541806409,0.0,4.027662434051474,710.4202576382645,0.0,0.0,1281.7603623366197,0.0,246.74603421258388,1431.4071965492035,97.0992,1528.5063965492036,0.0,12.851355948572076,0.0,0.0,12.851355948572076
58,98.1311218285714,0.0,212.8601600219385,0.0,98.7828947368421,212.20838711366784,809.3503755109505,0.0,0.0,710.4202576382645,0.0,0.0,936.5847040965294,0.0,254.65006453640135,1144.8235686329308,46.4112,1191.2347686329308,0.0,13.263024194604235,0.0,0.0,13.263024194604235
59,101.65189782857139,0.0,262.4268909185734,0.0,252.56578947368425,67.03710612464529,296.98648266412306,6.381605384247801,50.85749853306309,710.4202576382645,0.0,0.0,1154.678320041723,0.0,80.44452734957433,1159.0908473912975,76.032,1235.1228473912975,0.0,4.189819132790331,0.0,0.0,4.189819132790331
60,74.7943186285714,42.02355523763279,338.565862197918,0.0,506.69956140350877,0.0,552.445564836944,51.31582533938657,0.0,710.4202576382645,507.7022943351676,0.0,1489.6897936708394,0.0,0.0,935.5762993356718,46.4112,981.9874993356718,0.0,0.0,0.9338567830585065,0.0,0.0
61,80.0974162285714,0.0,338.565862197918,0.0,414.0679824561403,0.0,940.8671934432796,15.823613900337307,20.418909870686406,1167.3523225399153,468.9144685679033,0.0,1489.6897936708394,0.0,0.0,995.4313251029361,25.344,1020.7753251029361,0.0,0.0,0.0,0.9338567830585065,0.0
62,83.0887371428572,0.0,239.28796441581963,0.0,307.92763157894734,0.0,692.6360770919431,2.3560760560100014,16.805146035739472,1589.3753442510283,0.0,0.0,1052.8670434296064,0.0,0.0,1014.8510434296064,38.016,1052.8670434296064,0.0,0.0,0.0,0.9338567830585065,0.0
63,71.9369053714286,0.0,245.71115090129416,0.0,356.2938596491228,0.0,722.0318025071616,39.18445718860064,0.5386538122005812,1589.3753442510283,105.4597531518366,0.0,1081.1290639656943,0.0,0.0,882.8469108138577,92.8224,975.6693108138577,0.0,0.0,0.0,0.9338567830585065,0.0
64,118.9262070857142,0.0,276.1803264804729,0.0,205.64692982456145,135.4154371203779,711.5826551997975,0.0,54.04416662124779,1684.2891220876813,0.0,0.0,1215.193436514081,0.0,162.49852454445318,1331.2807610585342,46.4112,1377.6919610585342,0.0,8.463464820023619,0.0,0.9338567830585065,7.529608036965112
65,150.2995412571428,0.0,268.72851345293697,0.0,13.026315789473685,405.230655433923,313.2943812317057,0.0,0.7710834866830586,1684.2891220876813,0.0,0.0,1182.4054591929225,0.0,486.2767865207077,1598.9862457136303,69.696,1668.6822457136302,0.0,25.3269159646202,0.0,0.0,25.3269159646202
66,171.9093552,0.0,292.60066307007025,0.0,0.0,464.51001827007013,309.2360470912685,0.0,0.0,1684.2891220876813,0.0,0.0,1287.4429175083092,0.0,557.4120219240841,1817.4517394323932,27.4032,1844.8549394323932,0.0,29.03187614187938,0.0,0.0,54.95177355748852
67,149.8657158857142,0.0,264.85264276403205,0.0,0.0,414.7183586497463,309.2360470912685,0.0,0.0,1684.2891220876813,0.0,0.0,1165.351628161741,0.0,497.6620303796955,1597.5944585414366,65.4192,1663.0136585414366,0.0,25.919897415609142,0.0,25.919897415609142,0.0
68,157.7691860571428,0.0,279.8957802217844,0.0,0.0,437.6649662789271,309.2360470912685,0.0,0.0,1684.2891220876813,0.0,0.0,1231.5414329758514,0.0,525.1979595347126,1636.355392510564,120.384,1756.739392510564,0.0,27.35406039243294,0.0,0.0,71.5228209968007
69,147.1446336,0.0,267.6667850210794,0.0,0.0,414.81141862107955,309.2360470912685,0.0,0.0,1684.2891220876813,0.0,0.0,1177.7338540927494,0.0,497.7737023452952,1521.3843564380447,154.1232,1675.5075564380447,0.0,25.92571366381745,0.0,44.16876060436776,0.0
70,98.0106336,0.0,193.87811744880491,0.0,0.0,291.88875104880486,309.2360470912685,0.0,0.0,1684.2891220876813,0.0,0.0,853.0637167747417,0.0,350.2665012585659,1125.2390180333075,78.0912,1203.3302180333076,0.0,18.24304694055031,0.0,18.24304694055031,0.0
71,100.0772907428572,0.0,193.92089332532132,0.0,0.0,293.9981840681785,309.2360470912685,0.0,0.0,1684.2891220876813,0.0,0.0,853.2519306314139,0.0,352.79782088181423,1165.974551513228,40.0752,1206.049751513228,0.0,18.374886504261156,0.0,0.0,18.374886504261156
72,0.560295792,0.0,0.0,0.0,0.0,0.0,305.9922293481104,0.0,0.5602957919999999,1684.2891220876813,0.0,20.010564,0.0,0.0,0.0,0.0,20.010564,20.010564,0.0,0.0,0.0,0.0,0.0
73,0.087445008,0.0,0.0,0.0,0.0,0.0,301.65236598811026,0.0,0.087445008,1662.0551620876813,0.0,3.123036,0.0,0.0,0.0,0.0,3.123036,3.123036,0.0,0.0,0.0,0.0,0.0
74,0.042103152,0.0,0.0,0.0,0.0,0.0,300.8103029481101,0.0,0.042103151999999984,1658.5851220876814,0.0,1142.1188442132272,0.0,0.0,0.0,0.0,1.503684,1.503684,1140.6151602132272,0.0,0.0,0.0,0.0
75,0.0,0.0,0.0,0.0,0.0,0.0,300.5222287502152,0.0,0.0,389.5641840729843,0.0,345.9810456656858,0.0,0.0,0.0,0.0,0.0,0.0,345.9810456656858,0.0,0.0,0.0,0.0
76,0.042103152,0.0,0.0,0.0,0.0,0.0,300.27847365968887,0.0,0.042103151999999984,5.1408000000000005,0.0,1.503684,0.0,0.0,0.0,0.0,1.503684,1.503684,0.0,0.0,0.0,0.0,0.0
77,0.087445008,0.0,0.0,0.0,0.9649122807017543,0.0,299.5994701074325,0.9503381127017544,0.07287084,3.47004,0.0,3.123036,0.0,0.0,0.0,0.0,3.123036,3.123036,0.0,0.0,0.0,0.0,0.0
78,0.689843952,74.28548326912791,0.0,170.23516277312865,343.2675438596491,0.0,341.98506707095686,444.04785600179525,345.99080213640264,0.0,0.0,0.0,0.0,153.21164649581578,0.0,0.0,24.637284,24.637284,128.5743624958158,0.0,1.6507885170917314,0.0,0.0
79,1.9432224000000002,74.28548326912791,321.948824572362,201.50513498138784,562.0614035087721,0.0,554.7345633535082,227.5607463497628,265.18200806386864,0.0,0.0,0.0,1416.5748281183928,181.35462148324905,0.0,0.0,69.4008,69.4008,1528.528649601642,0.0,1.6507885170917314,1.6507885170917314,0.0
80,2.5909632,74.28548326912791,321.948824572362,337.1824298426577,811.8530701754386,0.0,240.07006163070744,556.4662257496346,480.6208564583435,0.0,0.0,0.0,1416.5748281183928,303.46418685839194,0.0,0.0,92.5344,92.5344,1627.5046149767848,0.0,1.6507885170917314,3.3015770341834627,0.0
81,1.9853255520000002,74.28548326912791,321.948824572362,331.2115063585543,766.0197368421054,0.0,749.0615848325729,238.50888081166636,201.92028372160522,0.0,0.0,0.0,1416.5748281183928,298.09035572269886,0.0,0.0,70.904484,70.904484,1643.7606998410918,0.0,1.6507885170917314,4.952365551275194,0.0
82,0.948940272,74.28548326912791,321.948824572362,221.7899875984514,619.9561403508771,0.0,324.91767442056306,324.6052983539535,323.6223937150176,0.0,0.0,0.0,1416.5748281183928,199.61098883860626,0.0,0.0,33.890724,33.890724,1582.295092956999,0.0,1.6507885170917314,6.603154068366925,0.0
83,1.55457792,74.28548326912791,301.16707810522314,340.65523248539176,761.6776315789475,0.0,194.83667277650693,553.5908526627263,509.57559286352154,0.0,0.0,0.0,1325.1351436629816,306.58970923685257,0.0,0.0,55.52064,55.52064,1576.2042128998341,0.0,1.6507885170917314,8.253942585458656,0.0
84,0.948940272,74.2854832691273,298.1150401311725,341.996593574259,772.0504385964913,0.0,178.34959243479804,556.4662257496346,499.76184439970217,0.0,0.0,0.0,1311.706176577159,307.7969342168331,0.0,0.0,33.890724,33.890724,1585.612386793992,0.0,1.6507885170917178,9.904731102550388,0.0
85,0.51819264,74.28548326912791,301.25616719083087,341.996593574259,779.1666666666666,0.0,295.796227661752,551.2663472548534,490.15611726240445,0.0,1614.817189856489,0.0,1325.5271356396559,307.7969342168331,0.0,0.0,18.50688,18.50688,0.0,0.0,1.6507885170917314,11.555519619642105,0.0
86,0.77728896,74.28548326912791,321.948824572362,341.996593574259,812.6973684210528,0.0,425.8090592587758,556.4662257496346,482.77704770433087,1453.33547087084,0.0,0.0,1416.5748281183928,307.7969342168331,0.0,0.0,27.76032,27.76032,1696.6114423352258,0.0,1.6507885170917314,13.206308136733837,0.0
87,1.897880544,74.28548326912791,240.91984566368055,341.996593574259,731.5241228070175,0.0,750.4559053418101,544.9166971709479,472.49237741499775,1453.33547087084,0.0,0.0,1060.0473209201944,307.7969342168331,0.0,0.0,67.781448,67.781448,1300.0628071370274,0.0,1.6507885170917314,14.857096653825568,0.0
88,0.948940272,74.28548326912791,199.88802186401253,341.996593574259,643.9583333333334,0.0,867.2855020752639,538.2696963503234,511.4304019963895,1453.33547087084,0.0,286.1628343167447,879.5072962016551,307.7969342168331,0.0,0.0,33.890724,33.890724,1439.5763407352329,0.0,1.6507885170917314,16.507885170917298,0.0
89,1.42502976,74.28548326912791,249.65421313465254,0.0,378.6074561403509,0.0,866.2818232634213,336.8764059821654,283.63367600559485,1135.376766074457,1047.5846177924714,0.0,1098.4785377924713,0.0,0.0,0.0,50.89392,50.89392,0.0,0.0,1.6507885170917314,18.158673688009028,0.0
90,0.560295792,17.277468889759035,0.0,0.0,22.31359649122807,0.0,845.6385263781441,18.978793605671736,14.502961796202706,2078.202922087681,0.0,20.010564,0.0,0.0,0.0,0.0,20.010564,20.010564,0.0,0.0,0.38394375310575635,19.809462205100758,0.0
91,1.3375847520000002,0.0,0.0,0.0,0.0,0.0,746.4366731456603,0.0,1.337584752,2055.968962087681,0.0,47.770884,0.0,0.0,0.0,0.0,47.770884,47.770884,0.0,0.0,0.0,20.193405958206515,0.0
92,2.46141504,0.0,0.0,0.0,0.0,0.0,723.0344798740815,0.0,2.4614150399999994,2002.8902020876812,0.0,87.90768,0.0,0.0,0.0,0.0,87.90768,87.90768,0.0,0.0,0.0,20.193405958206515,0.0
93,3.151258992,0.0,0.0,0.0,0.0,0.0,687.949088067765,0.0,3.1512589919999994,1905.2150020876813,0.0,112.544964,0.0,0.0,0.0,0.0,112.544964,112.544964,0.0,0.0,0.0,20.193405958206515,0.0
94,1.596681072,0.0,0.0,0.0,0.0,0.0,657.1438992846071,0.0,1.5966810719999998,1780.1650420876813,0.0,57.024324,0.0,0.0,0.0,0.0,57.024324,57.024324,0.0,0.0,0.0,20.193405958206515,0.0
95,0.8193921120000001,0.0,0.0,0.0,0.0,0.0,641.4753902488178,0.0,0.8193921120000001,1716.8046820876814,0.0,29.264004,0.0,0.0,0.0,0.0,29.264004,29.264004,0.0,0.0,0.0,20.193405958206515,0.0
96,0.659113392,0.0,0.0,0.0,0.0,0.0,632.0531035288177,0.0,0.659113392,1684.2891220876813,0.0,1142.1188346860783,0.0,0.0,0.0,0.0,23.539764,23.539764,1118.5790706860782,0.0,0.0,20.193405958206515,0.0
97,0.10286740800000001,0.0,0.0,0.0,0.0,0.0,626.9478321688176,0.0,0.10286740800000004,415.2681946587054,0.0,3.673836,0.0,0.0,0.0,0.0,3.673836,3.673836,0.0,0.0,0.0,20.193405958206515,0.0
98,0.049528751999999995,0.0,0.0,0.0,0.0,0.0,625.9572571288177,0.0,0.049528752,411.1861546587054,0.0,1.768884,0.0,0.0,0.0,0.0,1.768884,1.768884,0.0,0.0,0.0,20.193405958206515,0.0
99,0.0,0.0,0.0,0.0,0.0,0.0,625.6183761940804,0.0,0.0,409.22072799203875,0.0,0.0,0.0,0.0,0.0,0.0,0.0,0.0,0.0,0.0,0.0,20.193405958206515,0.0
100,0.049528751999999995,0.0,0.0,0.0,0.0,0.0,625.3316307877644,0.0,0.049528752,409.22072799203875,0.0,1.768884,0.0,0.0,0.0,0.0,1.768884,1.768884,0.0,0.0,0.0,20.193405958206515,0.0
101,0.10286740800000001,10.02871153936842,0.0,0.0,2.8947368421052624,0.0,568.1137101485028,0.8442982456140348,8.081140350877192,407.2553013253721,0.0,3.673836,0.0,0.0,0.0,0.0,3.673836,3.673836,0.0,0.0,0.22286025643040933,20.193405958206515,0.0
102,0.8115095520000001,74.28548326912791,0.0,0.0,55.84429824561403,0.0,348.80864338908003,9.690664075419777,28.94335865093365,403.1732613253721,0.0,28.982484,0.0,0.0,0.0,0.0,28.982484,28.982484,0.0,0.0,1.6507885170917314,20.416266214636924,0.0
103,2.2859424,74.28548326912791,4.307712927436769,69.65207013253135,152.33552631578948,0.0,217.00271091300385,11.094044758258951,9.289727171565561,370.9705013253721,0.0,0.0,18.953936880721784,62.686863119278215,0.0,0.0,81.6408,81.6408,0.0,0.0,1.6507885170917314,22.067054731728653,0.0
104,3.0479232,74.28548326912791,0.0,118.05277071616521,258.1140350877193,0.0,575.3363504685273,62.72785790242616,0.0,370.9705013253721,0.0,213.38781462920767,0.0,106.2474936445487,0.0,0.0,108.8544,108.8544,210.78090827375638,0.0,1.6507885170917314,23.717843248820383,0.0
105,2.3354711519999998,74.28548326912791,276.1026563315819,54.14364623525962,367.2697368421054,0.0,429.13150706862643,166.19807318183425,205.7955933276984,133.87292951514132,1180.1712854706943,0.0,1214.8516878589605,48.729281611733654,0.0,0.0,83.409684,83.409684,0.0,0.0,1.6507885170917314,25.368631765912113,0.0
106,1.116301872,74.28548326912791,321.948824572362,29.963116249991497,448.6842105263158,0.0,634.4045261159938,324.6052983539535,303.23481379111905,1196.0270864387662,1403.6737087433853,0.0,1416.5748281183928,26.96680462499235,0.0,0.0,39.867924,39.867924,0.0,0.0,1.6507885170917314,27.019420283003843,0.0
107,1.82875392,74.28548326912791,0.0,40.9101377798686,117.83991228070175,0.0,205.67452541445996,7.084142008532157,6.26860469682691,2459.333424307813,0.0,28.493515998118262,0.0,36.81912400188174,0.0,0.0,65.31264,65.31264,0.0,0.0,1.6507885170917314,28.670208800095573,0.0
108,1.116301872,74.28548326912791,0.0,0.0,158.24561403508775,0.0,343.44660524244614,515.5101195789132,432.66629068495325,2427.6739620876815,0.0,39.867924,0.0,0.0,0.0,0.0,39.867924,39.867924,0.0,0.0,1.6507885170917314,30.320997317187302,0.0
109,0.60958464,74.28548326912791,0.0,57.954742358416794,206.7324561403509,0.0,708.686292244062,513.2556788885539,439.3730330157476,2383.376268754348,0.0,0.0,0.0,52.159268122575114,0.0,0.0,21.77088,21.77088,30.388388122575115,0.0,1.6507885170917314,31.971785834279032,0.0
110,0.91437696,74.28548326912791,0.0,0.0,83.58552631578947,0.0,978.1638138234117,11.621145812160341,3.2354797254987773,2383.376268754348,0.0,32.65632,0.0,0.0,0.0,0.0,32.65632,32.65632,0.0,0.0,1.6507885170917314,33.622574351370766,0.0
111,2.232603744,41.484348091747734,0.0,0.0,41.73245614035088,0.0,986.6584947207331,2.6508314719472157,4.635327167344073,2347.091468754348,0.0,79.735848,0.0,0.0,0.0,0.0,79.735848,79.735848,0.0,0.0,0.9218744020388385,35.2733628684625,0.0
112,1.116301872,13.299328489637176,0.0,0.0,13.267543859649122,0.0,964.6283974525923,3.2856058718129915,4.433692373801044,2258.4960820876813,0.0,39.867924,0.0,0.0,0.0,0.0,39.867924,39.867924,0.0,0.0,0.29554063310304834,36.19523727050134,0.0
113,1.6763577600000001,0.0,0.0,0.0,7.478070175438597,0.0,984.4600005639387,6.639891295438596,0.8381788800000001,2214.198388754348,0.0,59.86992,0.0,0.0,0.0,0.0,59.86992,59.86992,0.0,0.0,0.0,36.49077790360439,0.0
114,0.659113392,0.0,0.0,0.0,0.0,0.0,987.2357640167103,0.0,0.659113392,2147.6762554210145,0.0,23.539764,0.0,0.0,0.0,0.0,23.539764,23.539764,0.0,0.0,0.0,36.49077790360439,0.0
115,1.5734903519999999,0.0,0.0,0.0,0.0,0.0,973.6163598230261,0.0,1.573490352,2121.5209620876813,0.0,56.196084,0.0,0.0,0.0,0.0,56.196084,56.196084,0.0,0.0,0.0,36.49077790360439,0.0
116,2.89552704,0.0,0.0,0.0,0.0,0.0,946.0867956040792,0.0,2.8955270400000006,2059.080868754348,0.0,103.41168,0.0,0.0,0.0,0.0,103.41168,103.41168,0.0,0.0,0.0,36.49077790360439,0.0
117,3.707036592,0.0,0.0,0.0,0.0,0.0,904.8135040082897,0.0,3.707036592000001,1944.1790020876815,0.0,132.394164,0.0,0.0,0.0,0.0,132.394164,132.394164,0.0,0.0,0.0,36.49077790360439,0.0
118,1.8782826719999999,0.0,0.0,0.0,0.0,0.0,868.5753013303956,0.0,1.878282672,1797.0743754210148,0.0,67.081524,0.0,0.0,0.0,0.0,67.081524,67.081524,0.0,0.0,0.0,36.49077790360439,0.0
119,0.9639057120000001,0.0,0.0,0.0,0.0,0.0,850.1433868209218,0.0,0.9639057120000002,1722.539348754348,0.0,34.425204,0.0,0.0,0.0,0.0,34.425204,34.425204,0.0,0.0,0.0,36.49077790360439,0.0
120,32.1038331428572,0.0,0.0,0.0,0.0,0.0,657.6839453328007,0.0,32.10383314285719,1684.2891220876813,0.0,353.978884481706,0.0,0.0,0.0,0.0,21.9364,21.9364,332.042484481706,0.0,0.0,36.49077790360439,0.0
121,41.81976,0.0,0.0,0.0,0.0,20.358763475088093,248.0371263295045,0.0,21.46099652491191,1290.9792504413413,0.0,1142.3756617974177,0.0,0.0,24.430516170105708,0.0,3.4236,3.4236,1163.3825779675233,1.2724227171930058,0.0,36.49077790360439,0.0
122,36.4635188571428,0.0,0.0,0.0,0.0,36.463518857142795,166.93986772489032,0.0,0.0,21.67295955532164,0.0,0.0,0.0,0.0,43.75622262857137,0.0,1.6484,1.6484,42.10782262857137,2.2789699285714247,0.0,35.21835518641139,0.0
123,20.2809908571428,0.0,0.0,0.0,0.0,20.2809908571428,166.93986772489032,0.0,0.0,21.67295955532164,0.0,0.0,0.0,0.0,24.337189028571363,0.0,0.0,0.0,24.337189028571363,1.2675619285714248,0.0,32.93938525783996,0.0
124,1.766413714285714,0.0,0.0,0.0,0.0,1.766413714285714,166.93986772489032,0.0,0.0,21.67295955532164,0.47129645714285706,0.0,0.0,0.0,2.119696457142857,0.0,1.6484,1.6484,0.0,0.11040085714285713,0.0,31.671823329268534,0.0
125,0.381085714285714,0.0,0.0,0.0,3.6184210526315788,0.0952714285714285,173.1871067725094,3.332606766917293,0.0,22.09712636675021,0.0,3.309274285714286,0.0,0.0,0.11432571428571418,0.0,3.4236,3.4236,0.0,0.005954464285714281,0.0,31.561422472125678,0.0
126,9.428972571428579,54.25523795488719,0.0,0.0,79.00219298245615,8.691883796365918,202.82439886443322,108.78603762493911,84.77617137243281,18.42015493817878,0.0,16.5781394443609,0.0,0.0,10.430260555639101,0.0,27.0084,27.0084,0.0,0.5432427372728699,1.2056719545530488,31.555468007839963,0.0
127,38.5553211428572,74.28548326912791,0.0,146.53482235475946,268.00438596491233,0.0,394.90348548688144,185.48874191654485,176.85998271837715,0.0,0.0,0.0,0.0,131.88134011928352,0.0,0.0,76.08,76.08,55.80134011928352,0.0,1.6507885170917314,32.21789722512014,0.0
128,75.2796980571428,74.28548326912791,258.0994896197848,0.0,466.4144736842106,0.0,264.03669641920584,294.82741776785474,236.0776150296997,0.0,0.0,0.0,1135.637754327053,0.0,0.0,0.0,101.44,101.44,1034.197754327053,0.0,1.6507885170917314,33.86868574221187,0.0
129,86.1596496,74.28548326912791,195.64022231477935,328.79331289327683,760.3508771929825,0.0,538.5221291669251,550.631184578876,475.15897546307747,0.0,0.0,0.0,860.816978185029,295.91398160394914,0.0,0.0,77.7284,77.7284,1079.0025597889783,0.0,1.6507885170917314,35.51947425930361,0.0
130,96.6096322285714,74.28548326912791,321.94882457236196,341.996593574259,789.6600877192982,0.0,615.9070559062844,139.11655643740863,184.2970023624307,0.0,0.0,0.0,1416.5748281183926,307.7969342168331,0.0,0.0,37.1524,37.1524,1687.2193623352257,0.0,1.6507885170917314,37.17026277639534,0.0
131,83.1653190857142,74.28548326912791,108.29019109871601,341.996593574259,663.1359649122807,0.0,560.0185605921353,370.97748383308976,315.57910594862625,0.0,244.56289945021808,0.0,476.47684083435047,307.7969342168331,0.0,0.0,60.864,60.864,478.8468756009655,0.0,1.6507885170917314,38.82105129348707,0.0
132,110.1507606857142,74.28548326912791,0.0,211.9361987040215,400.67982456140356,0.0,299.85901144278165,241.3892832130983,237.08190131055844,220.10660950519627,0.0,0.0,0.0,190.74257883361935,0.0,0.0,37.1524,37.1524,153.59017883361935,0.0,1.6507885170917314,40.47183981057881,0.0
133,121.8479033142856,74.28548326912791,52.15953716690037,0.0,275.8442982456141,51.16094551557293,861.3884784849452,188.52223038906098,109.8099103781879,220.10660950519627,270.60709815304915,0.0,229.50196353436166,0.0,61.3931346186875,0.0,20.288,20.288,0.0,3.1975590947233075,1.6507885170917314,42.12262832767054,0.0
134,141.27657805714279,74.28548326912791,57.32949213793245,341.996593574259,500.3070175438597,136.40927275317395,391.34861941563986,324.6052983539535,302.77715509538206,463.6529978429405,0.0,0.0,252.24976540690278,307.7969342168331,163.69112730380874,0.0,30.432,30.432,693.3058269275446,8.525579547073372,1.6507885170917314,40.57585775003896,0.0
135,159.9969675428572,74.28548326912791,321.948824572362,99.38373074466325,632.6206140350878,0.0,869.8622296839445,246.28730996840383,269.28170206232636,463.6529978429405,1431.7153857885899,0.0,1416.5748281183928,89.44535767019693,0.0,0.0,74.3048,74.3048,0.0,0.0,1.6507885170917314,33.70106672005733,0.0
136,148.2204027428572,74.28548326912791,0.0,0.0,245.328947368421,0.0,303.5519047854321,270.0121616163552,247.18910025991923,1752.1968450526715,0.0,37.1524,0.0,0.0,0.0,0.0,37.1524,37.1524,0.0,0.0,1.6507885170917314,35.35185523714906,0.0
137,148.4287296,13.247190037030332,0.0,0.0,250.0328947368421,0.0,624.8243454551629,337.014804041764,248.6578289419522,1710.9164006082271,0.0,55.792,0.0,0.0,0.0,0.0,55.792,55.792,0.0,0.0,0.2943820008228963,37.00264375424079,0.0
138,142.20845965714278,0.0,0.0,0.0,44.50657894736842,42.518388821951866,486.8046414102407,3.226049414536348,58.40954130235883,1648.925289497116,29.085666586342242,0.0,0.0,0.0,51.02206658634224,0.0,21.9364,21.9364,0.0,2.6573993013719917,0.0,37.29702575506369,0.0
139,121.3891803428572,0.0,0.0,0.0,0.0,121.38918034285719,166.93986772489032,0.0,0.0,1675.102389424824,93.29861641142864,0.0,0.0,0.0,145.66701641142865,0.0,52.3684,52.3684,0.0,7.586823771428574,0.0,34.639626453691704,0.0
140,88.2123922285714,0.0,0.0,0.0,0.0,88.2123922285714,166.93986772489032,0.0,0.0,1759.0711441951098,9.486870674285697,0.0,0.0,0.0,105.85487067428569,0.0,96.368,96.368,0.0,5.5132745142857145,0.0,27.05280268226313,0.0
141,64.1976994285714,0.0,0.0,0.0,0.0,64.19769942857138,166.93986772489032,0.0,0.0,1767.6093278019669,0.0,46.33916068571433,0.0,0.0,77.03723931428567,0.0,123.3764,123.3764,0.0,4.012356214285712,0.0,21.539528167977416,0.0
142,28.240861714285803,0.0,0.0,0.0,0.0,28.24086171428581,166.93986772489032,0.0,0.0,1716.1213714845064,0.0,28.623365942857042,0.0,0.0,33.88903405714296,0.0,62.5124,62.5124,0.0,1.7650538571428622,0.0,17.527171953691703,0.0
143,26.712284571428597,0.0,0.0,0.0,0.0,26.712284571428597,166.93986772489032,0.0,0.0,1684.3176315479986,0.0,0.025658514285680667,0.0,0.0,32.05474148571432,0.0,32.0804,32.0804,0.0,1.6695177857142873,0.0,15.762118096548841,0.0
144,41.0935474285714,0.0,0.0,0.0,0.0,41.093547428571405,166.93986772489032,0.0,0.0,1684.2891220876813,0.0,757.707111577386,0.0,0.0,49.312256914285655,0.0,73.0925,73.0925,733.9268684916716,2.568346714285713,0.0,14.092600310834554,0.0
145,35.9596388571428,0.0,0.0,0.0,0.0,35.9596388571428,166.93986772489032,0.0,0.0,842.3923314461413,0.0,0.0,0.0,0.0,43.15156662857137,0.0,11.4075,11.4075,31.744066628571375,2.247477428571425,0.0,11.52425359654884,0.0
146,30.2260902857142,0.0,0.0,0.0,0.0,30.226090285714196,166.93986772489032,0.0,0.0,842.3923314461413,0.0,0.0,0.0,0.0,36.27130834285704,0.0,5.4925,5.4925,30.77880834285704,1.889130642857137,0.0,9.276776167977415,0.0
147,15.73642971428572,0.0,0.0,0.0,0.0,15.73642971428572,166.93986772489032,0.0,0.0,842.3923314461413,18.883715657142865,0.0,0.0,0.0,18.883715657142865,0.0,0.0,0.0,0.0,0.9835268571428576,0.0,7.387645525120278,0.0
148,2.2194171428571403,0.0,0.0,0.0,0.0,2.21941714285714,166.93986772489032,0.0,0.0,859.3876755375699,0.0,2.8291994285714317,0.0,0.0,2.663300571428568,0.0,5.4925,5.4925,0.0,0.1387135714285713,0.0,6.4041186679774205,0.0
149,0.5608148571428561,39.96550093233082,0.0,0.0,85.15350877192982,13.026315789473683,215.40337073496445,310.3968555648758,252.7433467929459,856.244120616935,4.224078947368417,0.0,0.0,0.0,15.631578947368418,0.0,11.4075,11.4075,0.0,0.814144736842105,0.8881222429406849,6.265405096548849,0.0
150,12.18379885714286,74.28548326912791,18.959790115895263,7.299359433400942,193.34429824561403,0.0,746.5187700792486,465.5587828454343,384.9429162753872,860.0457916695666,0.0,0.0,83.42307650993916,6.5694234900608475,0.0,0.0,89.9925,89.9925,0.0,0.0,1.6507885170917314,6.339382602647429,0.0
151,31.297104,74.28548326912791,213.09455510948257,33.440275201778064,391.7543859649122,0.0,547.2350665147037,370.97748383308976,331.34051544856595,860.0457916695666,714.2122901633236,0.0,937.6160424817233,30.096247681600257,0.0,0.0,253.5,253.5,0.0,0.0,1.6507885170917314,7.990171119739161,0.0
152,61.213492114285806,74.28548326912791,19.671491123553945,341.996593574259,460.9868421052632,0.0,847.6168325030598,234.9375834280058,271.1178014039695,1502.836852816558,0.0,0.0,86.55456094363737,307.7969342168331,0.0,0.0,338.0,338.0,56.35149516047048,0.0,1.6507885170917314,9.640959636830893,0.0
153,77.61374057142861,74.28548326912791,269.2624016356055,0.0,525.2741228070176,0.0,579.4570407876417,510.09404027049845,405.9815429396428,1502.836852816558,925.7620671966642,0.0,1184.7545671966643,0.0,0.0,0.0,258.9925,258.9925,0.0,0.0,1.6507885170917314,11.291748153922624,0.0
154,87.8653632,74.28548326912791,311.04361636840656,78.59055730832975,504.4078947368421,0.0,804.5417140982609,143.5377942875376,190.91491969655974,2336.0227132935556,1315.5309135984858,0.0,1368.591912020989,70.73150157749677,0.0,0.0,123.7925,123.7925,0.0,0.0,1.6507885170917314,12.942536671014356,0.0
155,92.6284656,74.28548326912791,35.3449496269388,52.535801823854754,313.83771929824564,0.0,536.6271418866339,59.043018978324135,0.0,3520.0005355321928,0.0,0.0,155.51777835853073,47.28222164146928,0.0,0.0,202.8,202.8,0.0,0.0,1.6507885170917314,14.593325188106087,0.0
156,96.2464738285714,74.28548326912791,0.0,0.0,158.60745614035088,0.0,872.5236846557618,14.17622125189096,26.10072220923939,3520.0005355321928,0.0,123.7925,0.0,0.0,0.0,0.0,123.7925,123.7925,0.0,0.0,1.6507885170917314,16.24411370519782,0.0
157,96.13534011428581,63.7796347037363,0.0,0.0,164.27631578947367,0.0,583.6579244300087,18.036607172687454,13.675266201235885,3382.4533133099703,0.0,67.6,0.0,0.0,0.0,0.0,67.6,67.6,0.0,0.0,1.4173252156385845,17.89490222228955,0.0
158,96.2161433142856,21.79274719942665,0.0,0.0,135.93201754385964,0.0,944.7677169983443,26.092786847356738,8.169659817209343,3307.342202198859,0.0,101.4,0.0,0.0,0.0,0.0,101.4,101.4,0.0,0.0,0.48428327109837,19.312227437928133,0.0
159,102.7041113142858,74.28548326912791,0.0,0.0,126.8859649122807,0.0,430.75853069562663,7.857864512041311,57.96149418317432,3194.6755355321925,0.0,247.585,0.0,0.0,0.0,0.0,247.585,247.585,0.0,0.0,1.6507885170917314,19.796510709026503,0.0
160,100.2786994285714,74.28548326912791,0.0,0.0,211.7982456140351,0.0,231.53415000753446,235.25935540546675,198.02529248913098,2919.581091087748,0.0,123.7925,0.0,0.0,0.0,0.0,123.7925,123.7925,0.0,0.0,1.6507885170917314,21.447299226118233,0.0
161,106.4350121142858,74.28548326912791,2.7629641356945873,193.0477308921598,396.69956140350877,0.0,396.345168125297,369.59687921272877,349.4285082204881,2782.0338688655256,0.0,0.0,12.157042197056185,173.7429578029438,0.0,0.0,185.9,185.9,0.0,0.0,1.6507885170917314,23.098087743209962,0.0
162,104.9321794285714,0.0,0.0,0.0,164.03508771929822,0.0,757.5150667558029,279.1983636718098,220.09545538108293,2782.0338688655256,0.0,73.0925,0.0,0.0,0.0,0.0,73.0925,73.0925,0.0,0.0,0.0,24.748876260301692,0.0
163,93.6439645714286,0.0,0.0,0.0,0.0,56.24222298328353,288.4539505996296,0.0,37.40174158814505,2700.8199799766367,0.0,107.00183242005976,0.0,0.0,67.49066757994025,0.0,174.4925,174.4925,0.0,3.5151389364552217,0.0,24.748876260301692,0.0
164,74.5623970285714,0.0,0.0,0.0,0.0,74.56239702857138,166.93986772489032,0.0,0.0,2581.929055065459,0.0,231.62512356571432,0.0,0.0,89.4748764342857,0.0,321.1,321.1,0.0,4.660149814285712,0.0,21.23373732384647,0.0
165,54.531281142857196,0.0,0.0,0.0,0.0,54.5312811428572,166.93986772489032,0.0,0.0,2324.56780665911,0.0,345.65496262857135,0.0,0.0,65.43753737142863,0.0,411.0925,411.0925,0.0,3.408205071428574,0.0,16.573587509560756,0.0
166,36.5942605714286,0.0,0.0,0.0,0.0,36.5942605714286,166.93986772489032,0.0,0.0,1940.5067370718084,0.0,164.37938731428568,0.0,0.0,43.91311268571432,0.0,208.2925,208.2925,0.0,2.2871412857142874,0.0,13.165382438132182,0.0
167,33.896694857142805,0.0,0.0,0.0,0.0,33.8966948571428,166.93986772489032,0.0,0.0,1757.8629733892687,0.0,66.21646617142864,0.0,0.0,40.676033828571356,0.0,106.8925,106.8925,0.0,2.1185434285714257,0.0,10.878241152417894,0.0
168,12.95118171428572,0.0,0.0,0.0,0.0,12.951181714285722,166.93986772489032,0.0,0.0,1684.2891220876813,0.0,186.7806813513557,0.0,0.0,15.541418057142858,0.0,23.7735735,23.7735735,178.54852590849856,0.8094488571428573,0.0,8.759697723846468,0.0
169,9.64433485714286,0.0,0.0,0.0,0.0,9.644334857142862,166.93986772489032,0.0,0.0,1476.755031697286,0.0,0.0,0.0,0.0,11.573201828571433,0.0,3.7103265,3.7103265,7.862875328571433,0.602770928571429,0.0,7.95024886670361,0.0
170,2.44116342857142,0.0,0.0,0.0,0.0,2.4411634285714205,166.93986772489032,0.0,0.0,1476.755031697286,0.0,1142.3755281848505,0.0,0.0,2.9293961142857032,0.0,1.7864535,1.7864535,1143.5184707991361,0.1525727142857138,0.0,7.347477938132181,0.0
171,0.464338285714286,0.0,0.0,0.0,0.0,0.4643382857142859,166.93986772489032,0.0,0.0,207.44888926967428,0.0,0.0,0.0,0.0,0.5572059428571431,0.0,0.0,0.0,0.5572059428571431,0.029021142857142867,0.0,7.194905223846468,0.0
172,2.05397603687222e-16,0.0,0.0,0.0,0.0,0.0,166.93986772489032,0.0,0.0,207.44888926967428,0.0,1.7864535,0.0,0.0,0.0,0.0,1.7864535,1.7864535,0.0,0.0,0.0,7.165884080989325,0.0
173,3.5438318946035e-16,0.0,0.0,0.0,0.0,0.0,166.93986772489032,0.0,0.0,205.46394093634095,0.0,3.7103265,0.0,0.0,0.0,0.0,3.7103265,3.7103265,0.0,0.0,0.0,7.165884080989325,0.0
174,0.00898971428571408,0.0,0.0,0.0,0.0,0.008989714285714078,166.93986772489032,0.0,0.0,201.34135593634096,0.0,29.259565842857143,0.0,0.0,0.010787657142856894,0.0,29.2703535,29.2703535,0.0,0.0005618571428571299,0.0,7.165884080989325,0.0
175,21.4547348571428,0.0,0.0,0.0,2.5328947368421058,18.921840120300693,166.93986772489032,0.0,0.0,168.83072722205523,0.0,59.74549185563917,0.0,0.0,22.70620814436083,0.0,82.4517,82.4517,0.0,1.1826150075187933,0.0,7.165322223846467,0.0
176,62.1215184,0.0,0.0,0.0,87.08333333333333,14.777864463157892,216.11724480836043,119.92097008809698,80.18129069160575,102.44684738245614,0.0,92.20216264421052,0.0,0.0,17.733437355789473,0.0,109.9356,109.9356,0.0,0.9236165289473683,0.0,5.9827072163276735,0.0
177,96.3590537142856,74.28548326912791,14.920026914637138,20.655594528440655,212.0394736842105,0.0,335.731336405084,71.04521604795202,65.22590079023276,0.0,0.0,0.0,65.6481184244034,18.59003507559659,0.0,0.0,84.2381535,84.2381535,0.0,0.0,1.6507885170917314,5.059090687380305,0.0
178,125.2156196571428,74.28548326912791,142.9799283045088,0.0,378.0043859649123,0.0,283.7502815673472,395.27921737534666,359.7558626412138,0.0,0.0,0.0,629.1116845398387,0.0,0.0,0.0,40.2639135,40.2639135,588.8477710398388,0.0,1.6507885170917314,6.709879204472037,0.0
179,125.7730861714286,74.28548326912791,289.05903076391974,0.0,559.2872807017544,0.0,576.1244248012525,287.31014087683394,217.14046037955578,0.0,0.0,0.0,1271.859735361247,0.0,0.0,0.0,65.96136,65.96136,1205.898375361247,0.0,1.6507885170917314,8.360667721563768,0.0
180,159.35884114285722,74.28548326912791,174.22521199074046,341.996593574259,688.2236842105262,0.0,563.7600420319892,45.51711324421189,107.15955901067036,0.0,0.0,0.0,766.5909327592581,307.7969342168331,0.0,0.0,40.2639135,40.2639135,1034.1239534760912,0.0,1.6507885170917314,10.0114562386555,0.0
181,173.9011110857142,74.28548326912791,0.0,307.54964532601696,615.0109649122807,0.0,567.9105721669015,371.1025340351234,311.82780880370166,0.0,0.0,0.0,0.0,276.7946807934153,0.0,0.0,21.98712,21.98712,254.8075607934153,0.0,1.6507885170917314,11.662244755747231,0.0
182,187.3947243428572,74.28548326912791,0.0,261.149477155471,611.030701754386,0.0,468.6757671317052,463.7218547913622,375.52083780443223,0.0,0.0,0.0,0.0,235.03452943992392,0.0,0.0,32.98068,32.98068,202.0538494399239,0.0,1.6507885170917314,13.313033272838963,0.0
183,192.59480502857141,74.28548326912791,299.1416962127185,169.22504646401794,669.1666666666666,0.0,657.4112430901433,0.0,66.08036430776913,0.0,1387.9981781535776,0.0,1316.2234633359612,152.30254181761615,0.0,0.0,80.527827,80.527827,0.0,0.0,1.6507885170917314,14.963821789930694,0.0
184,167.4491149714286,74.28548326912791,47.68056140727495,277.0657211492573,568.6951754385965,0.0,337.09785851131915,22.71071427187358,20.496419630365907,1249.1983603382198,418.88970572634133,0.0,209.79447019200978,249.35914903433155,0.0,0.0,40.2639135,40.2639135,0.0,0.0,1.6507885170917314,16.614610307022424,0.0
185,153.1065078857142,74.28548326912791,1.5044416876824847,59.82781841577452,376.67763157894734,0.0,610.5285703230301,377.43677189570786,289.4833915750596,1626.199095491927,0.0,0.0,6.619543425802933,53.84503657419707,0.0,0.0,60.46458,60.46458,0.0,0.0,1.6507885170917314,18.265398824114154,0.0
186,141.2973846857142,0.0,0.0,0.0,65.37280701754385,51.63105049634178,772.112105415939,16.539688916290743,40.83321608811931,1626.199095491927,38.18368709561014,0.0,0.0,0.0,61.95726059561014,0.0,23.7735735,23.7735735,0.0,3.226940656021361,0.0,19.916187341205884,0.0
187,106.75689600000001,0.0,0.0,0.0,0.0,106.75689600000003,485.85121365730896,0.0,0.0,1660.5644138779762,71.3540217,0.0,0.0,0.0,128.1082752,0.0,56.7542535,56.7542535,0.0,6.6723060000000025,0.0,16.68924668518452,0.0
188,98.63179679999999,0.0,0.0,0.0,0.0,98.63179679999998,485.85121365730896,0.0,0.0,1724.7830334079763,13.91933616,0.0,0.0,0.0,118.35815616000001,0.0,104.43882,104.43882,0.0,6.1644872999999984,0.0,10.016940685184519,0.0
189,87.9486548571428,0.0,0.0,0.0,0.0,87.94865485714281,485.85121365730896,0.0,0.0,1737.3104359519764,0.0,28.170787671428613,0.0,0.0,105.53838582857138,0.0,133.7091735,133.7091735,0.0,5.496790928571425,0.0,3.8524533851845204,4.668358543386904
190,48.384336000000005,0.0,0.0,0.0,0.0,48.38433600000001,485.85121365730896,0.0,0.0,1706.0095607615,0.0,9.686610299999991,0.0,0.0,58.061203200000016,0.0,67.7478135,67.7478135,0.0,3.0240209999999994,0.0,3.0240209999999994,0.0
191,46.0016057142858,0.0,0.0,0.0,0.0,20.754457494635997,411.1353406910998,0.0,25.2471482196498,1695.2466604281667,0.0,9.861784506436804,0.0,0.0,24.905348993563194,0.0,34.7671335,34.7671335,0.0,1.2971535934147496,0.0,0.0,1.2971535934147496
192,6.07514039074886e-16,0.0,0.0,0.0,0.0,0.0,166.9398677248903,0.0,0.0,1684.2891220876813,0.0,40.198453,0.0,0.0,0.0,0.0,40.198453,40.198453,0.0,0.0,0.0,0.0,0.0
193,-3.84758891414094e-16,0.0,0.0,0.0,0.0,0.0,166.9398677248903,0.0,0.0,1639.6241743099035,0.0,488.18974467871755,0.0,0.0,0.0,0.0,6.273747,6.273747,481.91599767871753,0.0,0.0,0.0,0.0
194,1.536865872659682e-17,0.0,0.0,0.0,0.0,0.0,166.9398677248903,0.0,0.0,1097.191124666884,0.0,3.020693,0.0,0.0,0.0,0.0,3.020693,3.020693,0.0,0.0,0.0,0.0,0.0
195,0.0,0.0,0.0,0.0,0.0,0.0,166.9398677248903,0.0,0.0,1093.8347991113285,0.0,0.0,0.0,0.0,0.0,0.0,0.0,0.0,0.0,0.0,0.0,0.0,0.0
196,3.7029427143611996e-16,0.0,0.0,0.0,0.0,0.0,166.9398677248903,0.0,0.0,1093.8347991113285,0.0,3.020693,0.0,0.0,0.0,0.0,3.020693,3.020693,0.0,0.0,0.0,0.0,0.0
197,1.8514713571806038e-16,0.0,0.0,0.0,0.0,0.0,166.93986772489032,0.0,0.0,1090.478473555773,0.0,6.273747,0.0,0.0,0.0,0.0,6.273747,6.273747,0.0,0.0,0.0,0.0,0.0
198,0.0,45.61608840971089,0.0,0.0,108.67324561403508,7.482067366530763,439.5986009411219,77.29760772685941,6.758383156004446,1083.507643555773,0.0,40.51441216016309,0.0,0.0,8.978480839836916,0.0,49.492893,49.492893,0.0,0.4676292104081726,1.013690853549131,0.0,0.0
199,1.8583954285714281,74.28548326912791,184.6084073037419,0.0,303.46491228070175,0.858609296909215,545.9028335700831,415.31875985524977,371.7475242790799,1038.4916300444806,673.8907232927554,0.0,812.2769921364644,0.0,1.0303311562910578,0.0,139.4166,139.4166,0.0,0.053663081056825934,1.6507885170917314,0.5460616431409583,0.0
200,22.4388740571428,74.28548326912791,313.6261684210918,0.0,372.21491228070175,0.0,735.7825152727377,0.0,38.135613466660736,1644.9932810079604,1194.066341052804,0.0,1379.955141052804,0.0,0.0,0.0,185.8888,185.8888,0.0,0.0,1.6507885170917314,2.143187079175864,0.0
201,48.3351140571428,74.28548326912791,0.0,0.0,190.08771929824562,0.0,906.2906322882105,329.83205747233154,262.3649355003567,2719.652987955484,0.0,142.437293,0.0,0.0,0.0,0.0,142.437293,142.437293,0.0,0.0,1.6507885170917314,3.793975596267595,0.0
202,81.51092502857139,24.146969708270703,0.0,0.0,84.30921052631578,0.0,786.4193373245065,1.4473684210526312,22.796052631578945,2561.389329066595,0.0,68.081773,0.0,0.0,0.0,0.0,68.081773,68.081773,0.0,0.0,0.5365993268504601,5.4447641133593265,0.0
203,96.8108715428572,57.537183733025046,0.0,0.0,162.70833333333334,0.0,727.3822309828929,18.74801666242522,10.387738604974125,2485.7429146221507,0.0,111.53328,0.0,0.0,0.0,0.0,111.53328,111.53328,0.0,0.0,1.2786040829561123,5.981363440209787,0.0
204,132.2967785142856,0.0,0.0,0.0,130.86622807017542,0.0,886.6790155651188,19.705898389974976,21.136448834085133,2361.817047955484,0.0,68.081773,0.0,0.0,0.0,0.0,68.081773,68.081773,0.0,0.0,0.0,7.2599675231658996,0.0
205,144.1784578285714,0.0,0.0,0.0,67.54385964912281,31.69068270576463,367.7697950526815,0.0,44.943915473683965,2286.17063351104,0.8510592469175506,0.0,0.0,0.0,38.02881924691755,0.0,37.17776,37.17776,0.0,1.9806676691102894,0.0,7.2599675231658996,0.0
206,137.44724639999998,0.0,0.0,0.0,76.22807017543859,61.706028498245594,166.93986772489032,0.4868522736842138,0.0,2286.9365868332657,18.280594197894708,0.0,0.0,0.0,74.04723419789471,0.0,55.76664,55.76664,0.0,3.856626781140349,0.0,5.27929985405561,0.0
207,147.4641332571428,0.0,0.0,0.0,187.6754385964912,0.0,318.70691189540906,41.751380180451164,1.5400748411027507,2303.3891216113707,0.0,136.163546,0.0,0.0,0.0,0.0,136.163546,136.163546,0.0,0.0,0.0,1.422673072915261,1.5778577818135853
208,129.0070642285714,0.0,0.0,0.0,54.63815789473682,48.00849367566153,526.0391046076144,20.094725170927326,46.45513782910035,2152.096292722482,0.0,10.471580589206155,0.0,0.0,57.61019241079384,0.0,68.081773,68.081773,0.0,3.0005308547288463,0.0,3.0005308547288463,0.0
209,116.2255145142858,0.0,0.0,0.0,0.0,116.2255145142858,271.28026671119767,0.0,0.0,2140.4612031789193,37.231777417142965,0.0,0.0,0.0,139.47061741714296,0.0,102.23884,102.23884,0.0,7.26409465714286,0.0,0.0,7.26409465714286
210,88.2184114285714,0.0,0.0,0.0,0.0,88.21841142857137,271.28026671119767,0.0,0.0,2173.969802854348,65.66364071428566,0.0,0.0,0.0,105.86209371428566,0.0,40.198453,40.198453,0.0,5.513650714285711,0.0,0.0,9.510490714285712
211,63.94944,0.0,0.0,0.0,0.0,63.94943999999999,271.28026671119767,0.0,0.0,2233.067079497205,0.0,19.225764999999996,0.0,0.0,76.739328,0.0,95.965093,95.965093,0.0,3.9968400000000006,0.0,3.9968400000000006,0.0
212,50.0142493714286,0.0,0.0,0.0,0.0,50.0142493714286,271.28026671119767,0.0,0.0,2211.705118386094,0.0,116.5772607542857,0.0,0.0,60.0170992457143,0.0,176.59436,176.59436,0.0,3.1258905857142874,0.0,0.0,3.1258905857142874
213,31.622492571428598,0.0,0.0,0.0,0.0,31.622492571428605,271.28026671119767,0.0,0.0,2082.17482865911,0.0,188.14026191428567,0.0,0.0,37.94699108571432,0.0,226.087253,226.087253,0.0,1.9764057857142872,0.0,0.0,1.9764057857142872
214,2.82036,0.0,0.0,0.0,0.0,2.8203600000000004,271.28026671119767,0.0,0.0,1873.1300931987926,0.0,111.169541,0.0,0.0,3.3844319999999986,0.0,114.553973,114.553973,0.0,0.17627250000000003,0.0,0.0,0.17627250000000003
215,-5.6701310313656e-16,0.0,0.0,0.0,0.0,0.0,271.28026671119767,0.0,0.0,1749.6083809765703,0.0,58.787333,0.0,0.0,0.0,0.0,58.787333,58.787333,0.0,0.0,0.0,0.0,0.04381020000000002
216,0.606333168,0.0,0.0,0.0,0.0,0.606333168,271.28026671119767,0.0,0.0,1684.2891220876813,0.0,1142.3756524423875,0.0,0.0,0.7275998015999998,0.0,21.654756,21.654756,1121.4484962439874,0.037895823000000016,0.0,0.04381020000000002,0.0
217,0.094630032,0.0,0.0,0.0,0.0,0.09463003199999999,271.28026671119767,0.0,0.0,414.9828415961397,0.0,341.23289012292565,0.0,0.0,0.1135560384,0.0,3.379644,3.379644,337.96680216132563,0.005914377000000002,0.0,0.005914377000000002,0.0
218,0.045562608,0.0,0.0,0.0,0.0,0.045562608,271.28026671119767,0.0,0.0,35.83518590400001,0.0,1.5725608703999998,0.0,0.0,0.05467512960000001,0.0,1.627236,1.627236,0.0,0.002847663,0.0,0.0,0.002847663
219,0.0,0.0,0.0,0.0,0.0,0.0,271.28026671119767,0.0,0.0,34.087896048000005,0.0,0.0,0.0,0.0,0.0,0.0,0.0,0.0,0.0,0.0,0.0,0.0,0.0
220,0.045562608,0.0,0.0,0.0,0.0,0.045562608,271.28026671119767,0.0,0.0,34.087896048000005,0.0,1.5725608703999998,0.0,0.0,0.05467512960000001,0.0,1.627236,1.627236,0.0,0.002847663,0.0,0.0,0.002847663
221,0.094630032,0.0,0.0,0.0,0.0,0.09463003199999999,271.28026671119767,0.0,0.0,32.340606192,0.0,3.2660879616,0.0,0.0,0.1135560384,0.0,3.379644,3.379644,0.0,0.005914377000000002,0.0,0.0,0.048684084749999995
222,0.746525808,0.0,0.0,0.0,0.1206140350877193,0.6843153240000001,271.28026671119767,0.0584035510877193,0.0,28.711619568000003,0.0,25.8404576112,0.0,0.0,0.8211783888,0.0,26.661636,26.661636,0.0,0.04276970775,0.0,0.04276970775,0.0
223,2.1028896,74.28548326912791,0.0,164.640830575421,321.3157894736842,18.172380245303156,390.44242612330027,417.349669312226,318.89070303778743,0.0,0.0,0.0,0.0,148.1767475178789,21.806856294363786,0.0,75.1032,75.1032,94.88040381224269,1.1357737653314472,1.6507885170917314,0.0,0.0
224,2.8038528,74.28548326912791,140.29407830473292,341.996593574259,509.8355263157894,0.0,656.0827429747222,0.0,49.54448163233052,0.0,0.0,0.0,617.2939445408249,307.7969342168331,0.0,0.0,100.1376,100.1376,824.9532787576579,0.0,1.6507885170917314,0.5150147517602841,0.0
225,2.148452208,74.28548326912791,321.94882457236196,218.1961873189312,605.3618421052632,0.0,209.94321490863913,5.427631578947383,16.644736842105257,0.0,0.0,0.0,1416.5748281183928,196.3765685870381,0.0,0.0,76.730436,76.730436,1536.2209607054308,0.0,1.6507885170917314,2.1658032688520157,0.0
226,1.0269110879999999,74.28548326912791,321.94882457236196,227.49339561991297,620.1973684210526,0.0,233.82384494840096,2.3829456921347814,6.9401918204849915,0.0,0.0,0.0,1416.574828118393,204.74405605792168,0.0,0.0,36.675396,36.675396,1584.6434881763146,0.0,1.6507885170917314,3.8165917859437473,0.0
227,1.6823116800000002,74.28548326912791,321.948824572362,188.3776084580196,587.1491228070175,0.0,218.54106944378535,8.76815207700561,7.913257249497605,0.0,0.0,0.0,1416.5748281183928,169.53984761221764,0.0,0.0,60.08256,60.08256,1526.0321157306105,0.0,1.6507885170917314,5.467380303035479,0.0
228,1.0269110879999999,74.28548326912791,139.34432399809384,341.996593574259,579.0679824561404,0.0,271.7388128933505,22.414670526659325,0.0,0.0,0.0,0.0,613.115025591613,307.7969342168331,0.0,0.0,36.675396,36.675396,884.2365638084461,0.0,1.6507885170917314,7.11816882012721,0.0
229,0.56077056,74.28548326912791,321.948824572362,240.5852729367769,617.1820175438596,0.0,254.2676323782415,0.3169882656707463,20.5153220600779,0.0,1613.074053761492,0.0,1416.5748281183928,216.52674564309922,0.0,0.0,20.02752,20.02752,0.0,0.0,1.6507885170917314,8.768957337218941,0.0
230,0.8411558400000001,74.28548326912791,195.4611353644348,341.996593574259,632.7412280701753,0.0,308.5823780083546,20.90950472809321,0.7526447057395286,1451.766648385343,0.0,563.1703535045926,860.0289956035131,307.7969342168331,0.0,0.0,30.04128,30.04128,1700.9550033249388,0.0,1.6507885170917314,10.419745854310673,0.0
231,2.0538221759999997,74.28548326912791,321.94882457236196,137.42092452750455,518.6403508771929,0.0,449.3734311655419,10.763893780134351,27.832597447935807,826.0218111580177,1466.902868193147,0.0,1416.5748281183928,123.6788320747541,0.0,0.0,73.350792,73.350792,0.0,0.0,1.6507885170917314,12.070534371402404,0.0
232,1.0269110879999999,74.28548326912791,0.0,58.1398410693761,172.96052631578948,0.6496943468180459,701.6049259358565,286.641008821575,246.48302358547144,2146.23439253185,16.430094178620145,0.0,0.0,52.325856962438486,0.779633216181655,0.0,36.675396,36.675396,0.0,0.040605896676127864,1.6507885170917314,13.721322888494136,0.0
233,1.54211904,0.0,0.0,0.0,0.0,0.0,312.24953908488993,0.0,1.5421190399999996,2161.0214772926083,0.0,55.07568,0.0,0.0,0.0,0.0,55.07568,55.07568,0.0,0.0,0.0,15.33150550890974,0.0
234,0.606333168,0.0,0.0,0.0,0.0,0.0,298.1878483648899,0.0,0.606333168,2099.826277292608,0.0,21.654756,0.0,0.0,0.0,0.0,21.654756,21.654756,0.0,0.0,0.0,15.33150550890974,0.0
235,1.447489008,0.0,0.0,0.0,0.0,0.0,285.65905348489014,0.0,1.447489008,2075.765437292608,0.0,51.696036,0.0,0.0,0.0,0.0,51.696036,51.696036,0.0,0.0,0.0,15.33150550890974,0.0
236,2.66366016,0.0,0.0,0.0,0.0,0.0,260.33399092489026,0.0,2.6636601599999996,2018.3253972926082,0.0,95.13072,0.0,0.0,0.0,0.0,95.13072,95.13072,0.0,0.0,0.0,15.33150550890974,0.0
237,3.4101859679999995,0.0,0.0,0.0,0.0,0.0,222.3657658048903,0.0,3.410185968,1912.624597292608,0.0,121.792356,0.0,0.0,0.0,0.0,121.792356,121.792356,0.0,0.0,0.0,15.33150550890974,0.0
238,1.727874288,0.0,0.0,0.0,0.0,0.0,189.0294317248903,0.0,1.727874288,1777.299757292608,0.0,61.709796,0.0,0.0,0.0,0.0,61.709796,61.709796,0.0,0.0,0.0,15.33150550890974,0.0
239,0.8867184480000001,0.0,0.0,0.0,0.0,8.05728359630503,172.07350084489033,7.98339039230503,0.812825244,1708.733317292608,0.0,21.999775684433963,0.0,0.0,9.668740315566035,0.0,31.668516,31.668516,0.0,0.5035802247690644,0.0,15.33150550890974,0.0
240,100.62123933257139,0.0,194.8522272999771,0.0,0.0,288.26845680349317,174.5240885975801,0.0,7.20500982905529,1684.2891220876813,0.0,0.0,857.3498001198993,0.0,345.9221481641918,1181.602660284091,21.669288,1203.271948284091,0.0,18.016778550218323,0.0,14.827925284140674,41.28363648567215
241,103.6601291245714,0.0,196.1646334163914,0.0,0.0,299.82476254096275,166.93986772489032,0.0,0.0,1684.2891220876813,0.0,0.0,863.1243870321223,0.0,359.78971504915535,1219.5321900812776,3.381912,1222.9141020812776,0.0,18.739047658810172,0.0,38.0947832195945,0.0
242,107.8485813668572,0.0,201.843187605692,0.0,0.0,309.6917689725492,166.93986772489032,0.0,0.0,1684.2891220876813,0.0,0.0,888.1100254650448,0.0,371.63012276705894,1258.1118202321038,1.628328,1259.7401482321038,0.0,19.355735560784325,0.0,19.355735560784325,0.0
243,113.39808000000001,0.0,209.41862289381658,0.0,0.0,322.8167028938165,166.93986772489032,0.0,0.0,1684.2891220876813,0.0,0.0,921.441940732793,0.0,387.38004347257987,1308.821984205373,0.0,1308.821984205373,0.0,20.176043930863532,0.0,0.0,20.176043930863532
244,118.6203436525714,0.0,216.78209602045968,0.0,0.0,335.4024396730311,166.93986772489032,0.0,0.0,1684.2891220876813,0.0,0.0,953.8412224900226,0.0,402.48292760763724,1354.6958220976599,1.628328,1356.3241500976599,0.0,20.96265247956445,0.0,0.0,20.96265247956445
245,124.3899542674286,0.0,224.91396440320642,0.0,0.0,349.3039186706351,166.93986772489032,0.0,0.0,1684.2891220876813,0.0,0.0,989.6214433741084,0.0,419.164702404762,1405.4042337788703,3.381912,1408.7861457788704,0.0,21.831494916914693,0.0,0.0,87.16790937026205
246,129.4535486811428,0.0,332.1763155177166,0.0,0.0,462.5623647809529,166.93986772489032,0.9325005820933588,0.0,1684.2891220876813,552.7726930325938,0.0,1461.5757882779533,0.0,555.0748377371432,1437.1984049825028,26.679528,1463.8779329825027,0.0,28.910147798809547,0.0,65.33641445334736,0.0
247,246.57995451428602,0.0,338.565862197918,0.0,17.12719298245614,582.8202664726049,283.0320789036109,14.801642742857004,0.0,2181.784545817016,0.0,345.1673080750895,1489.6897936708394,0.0,699.3843197671258,2459.0878215130547,75.1536,2534.241421513055,0.0,36.42626665453781,0.0,36.42626665453781,0.0
248,247.954351542858,0.0,338.565862197918,0.0,104.69298245614034,490.8021160615779,414.5182259340859,8.974884776942238,0.0,1798.265314622472,0.0,478.33135173279993,1489.6897936708394,0.0,588.9625392738935,2456.778884677533,100.2048,2556.983684677533,0.0,30.67513225384862,0.0,0.0,30.67513225384862
249,211.784518052572,0.0,338.565862197918,0.0,302.6206140350877,295.35356642063385,500.21385999312696,47.62380020523154,0.0,1266.786034919361,0.0,378.8145383577141,1489.6897936708394,0.0,354.4242797047606,2146.146683733314,76.781928,2222.928611733314,0.0,18.459597901289612,0.0,0.0,41.95893253571687
250,150.4150530925714,0.0,273.8199150933525,0.0,48.24561403508772,375.9893541508363,991.5341104261059,0.0,0.0,845.8809922996786,0.0,0.0,1204.807626410751,0.0,451.18722498100334,1619.2948433917543,36.700008,1655.9948513917543,0.0,23.499334634427257,0.0,23.499334634427257,0.0
251,124.99748749714281,0.0,238.4221816050602,0.0,39.44078947368421,323.97887962851877,991.5341104261059,0.0,0.0,845.8809922996786,0.0,0.0,1049.057599062265,0.0,388.77465555422253,1377.7093746164876,60.12288,1437.8322546164875,0.0,20.248679976782427,0.0,0.0,43.751294482283285
252,81.159584064,0.0,177.2554726508023,0.0,45.833333333333336,212.581723381469,991.5341104261059,0.0,0.0,845.8809922996786,0.0,0.0,779.92407966353,0.0,255.0980680577628,998.322139721293,36.700008,1035.0221477212929,0.0,13.286357711341807,0.0,23.50261450550086,0.0
253,69.2769635657142,0.0,164.86296970223418,0.0,70.6798245614035,163.46010870654484,991.5341104261059,0.0,0.0,845.8809922996786,0.0,0.0,725.3970666898305,0.0,196.1521304478538,901.5082371376842,20.04096,921.5491971376842,0.0,10.216256794159051,0.0,10.216256794159051,0.0
254,61.765762834285795,0.0,217.57634242887212,0.0,78.88157894736842,200.4605263157895,991.5341104261059,0.0,0.0,845.8809922996786,339.5202777675454,0.0,957.3359066870374,0.0,240.5526315789474,828.3068204984395,30.06144,858.3682604984394,0.0,12.528782894736842,0.0,0.0,21.752815922743764
255,51.9404595565714,0.0,138.9076794092335,0.0,42.93859649122806,147.58452844811075,988.9114506880528,0.8864119230909395,1.2114259495570299,1151.4492422904696,0.0,0.0,611.1937894006277,0.0,177.10143413773278,714.8952075383604,73.400016,788.2952235383605,0.0,9.224033028006922,0.0,9.224033028006922,0.0
256,54.899351835428604,0.0,172.3931535087056,0.0,0.0,227.29250534413418,986.3369838286218,0.0,0.0,1151.4492422904696,231.7186571472115,0.0,758.5298754383048,0.0,272.75100641296103,762.8622167040543,36.700008,799.5622247040543,0.0,14.20578158400839,0.0,0.0,56.38950995830775
257,118.7224949485714,0.0,220.89595592378714,0.0,0.0,339.61845087235855,986.3369838286218,0.0,0.0,1359.99603372296,0.0,0.0,971.9422060646633,0.0,407.5421410468301,1324.3717071114934,55.11264,1379.4843471114934,0.0,21.226153179522402,0.0,42.183728374299356,0.0
258,117.962723904,0.0,217.35847921243138,0.0,0.0,335.3212031164313,986.3369838286218,0.0,0.0,1359.99603372296,0.0,0.0,956.377308534698,0.0,402.3854437397175,1337.0934642744155,21.669288,1358.7627522744156,0.0,20.957575194776954,0.0,20.957575194776954,0.0
259,91.0099605668572,0.0,182.2114274033686,0.0,0.0,273.2213879702258,986.3369838286218,0.0,0.0,1359.99603372296,0.0,0.0,801.7302805748218,0.0,327.86566556427084,1077.8652181390926,51.730728,1129.5959461390926,0.0,17.076336748139113,0.0,0.0,40.15977619440706
260,129.9254065371428,0.0,239.40962460314427,0.0,0.0,369.33503114028696,986.3369838286218,0.0,0.0,1359.99603372296,0.0,0.0,1053.4023482538348,0.0,443.2020373683445,1401.4098256221794,95.19456,1496.6043856221793,0.0,23.083439446267946,0.0,23.083439446267946,0.0
261,122.27822973257139,0.0,230.7855176231745,0.0,0.0,353.0637473557459,986.3369838286218,0.0,0.0,1359.99603372296,0.0,0.0,1015.4562775419679,0.0,423.67649682689506,1317.258686368863,121.874088,1439.132774368863,0.0,22.066484209734117,0.0,0.0,22.066484209734117
262,92.188947264,0.0,184.59071925678813,0.0,0.0,276.7796665207881,986.3369838286218,0.0,0.0,1359.99603372296,0.0,0.0,812.1991647298678,0.0,332.1355998249457,1082.5835565548136,61.751208,1144.3347645548135,0.0,17.298729157549264,0.0,0.0,17.298729157549264
263,94.2650866011428,0.0,249.29364845692476,0.0,0.0,344.9010352791834,986.3369838286218,1.3423002211158253,0.0,1359.99603372296,360.32565373857915,0.0,1096.892053210469,0.0,413.88124233502,1118.7578738069099,31.689768,1150.4476418069098,0.0,21.556314704948964,0.0,0.0,51.055832407429065
264,151.2985814297142,0.0,320.6937018099676,0.0,0.0,471.99228323968174,1001.6392063493422,0.0,0.0,1684.2891220876813,318.609291218403,0.0,1411.0522879638575,0.0,566.390739887618,1634.3557936330724,24.477943,1658.8337366330725,0.0,29.499517702480105,0.0,29.499517702480105,0.0
265,152.5509733131428,0.0,333.79883115665456,0.0,0.0,486.3498044697972,1001.6392063493422,0.0,0.0,1971.037484184244,390.8630170992167,0.0,1468.71485708928,0.0,583.6197653637569,1657.6513483538201,3.820257,1661.4716053538202,0.0,30.396862779362337,0.0,0.0,30.396862779362337
266,155.0938329497142,0.0,338.565862197918,0.0,0.0,492.66091141191146,999.536503747825,0.0,0.9987837357207123,2322.814199573539,397.4348189898708,0.0,1489.6897936708394,0.0,591.193093694294,1681.6086853752627,1.839383,1683.4480683752627,0.0,30.79130696324447,0.0,0.0,30.79130696324447
267,157.476408,0.0,338.565862197918,0.0,0.0,493.4598204950233,986.3046226319284,0.0,2.582449702894602,2680.505536664423,377.79537718008453,0.0,1489.6897936708394,0.0,592.1517845940281,1704.046201084783,0.0,1704.046201084783,0.0,30.841238780938966,0.0,0.0,30.841238780938966
268,159.9872992354286,0.0,336.05388694447896,0.0,0.0,496.0411861799075,956.4025734405169,0.0,0.0,3020.521376126499,346.56164855318616,0.0,1478.6371025557075,0.0,595.249423415889,1725.4854944184103,1.839383,1727.3248774184103,0.0,31.00257413624422,0.0,0.0,31.00257413624422
269,162.176286456,0.0,330.79831039889297,0.0,0.0,488.3182583431735,956.4025734405169,0.0,4.656338511719639,3332.4268598243666,293.71839785905786,0.0,1455.5125657551291,0.0,585.9819100118079,1743.9558209078791,3.820257,1747.7760779078792,0.0,30.519891146448337,0.0,0.0,61.54765238463652
270,165.36785169257138,0.0,321.94882457236196,0.0,0.0,496.4441798110109,984.296949611795,9.12750354607752,0.0,3596.773417897519,224.9694484121882,0.0,1416.5748281183928,0.0,595.733015773213,1757.2008124794177,30.137583,1787.3383954794176,0.0,31.027761238188184,0.0,31.027761238188184,0.0
271,316.468859657142,0.0,307.31853164483937,0.0,0.0,557.7070269942122,827.9153821813785,0.0,66.08036430776914,3799.245921468488,0.0,1143.4951070787008,1352.2015392372932,0.0,669.2484323930546,3080.0504787090485,84.8946,3164.9450787090486,0.0,34.856689187138265,0.0,0.0,34.856689187138265
272,335.389810971428,0.0,338.565862197918,0.0,174.4078947368421,594.6996073014335,318.5060041269901,298.16886729395395,203.0170384250243,2528.6958024921532,0.0,1143.037997793367,1489.6897936708392,0.0,713.6395287617202,3233.1745202259262,113.1928,3346.367320225926,0.0,37.168725456339594,0.0,0.0,37.168725456339594
273,298.262459235428,0.0,321.94882457236196,312.9350639399464,372.2149122807018,538.228065068051,780.0795754226833,0.0,22.703370398983555,1258.6535827217454,0.0,658.3740279297508,1416.5748281183928,281.6415575459518,645.8736780816613,2915.7301086757566,86.733983,3002.4640916757567,0.0,33.63925406675319,0.0,0.0,33.63925406675319
274,277.850080446858,0.0,321.948824572362,263.76203130802077,247.9824561403509,621.550727506711,785.6130642136271,18.395492933856218,12.423245614035087,527.1268850220222,0.0,400.78599773566424,1416.5748281183928,237.38582817721868,745.8608730080532,2759.150664039329,41.456863,2800.607527039329,0.0,38.84692046916944,0.0,0.0,108.37071326253002
275,224.29512246857198,0.0,321.94882457236196,161.00119981262264,146.54605263157896,580.26014719359,910.8507727334103,20.525965252314023,0.9649122807017534,81.809109760173,0.0,73.6281987841557,1416.5748281183928,144.9010798313604,696.3121766323078,2263.5006033662166,67.91568,2331.4162833662167,0.0,36.26625919959937,0.0,69.52379279336057,0.0
276,208.156291189714,0.0,321.948824572362,133.98354755819352,133.03728070175438,532.1205375001791,989.4508406983728,1.0691548816639964,0.0,0.0,0.0,0.0,1416.5748281183928,120.58519280237417,638.5446450002148,2134.247802920982,41.456863,2175.704665920982,0.0,33.2575335937612,0.0,33.2575335937612,0.0
277,193.4810840228572,0.0,321.94882457236207,71.28737577696938,123.75,462.9672843721887,1001.6392063493422,0.0,0.0,0.0,0.0,0.0,1416.5748281183928,64.15863819927252,555.5607412466264,2013.6556475642917,22.63856,2036.2942075642918,0.0,28.935455273261795,0.0,0.0,28.935455273261795
278,181.48750752,0.0,321.948824572362,18.904011853156533,105.77850877192982,416.5618351735887,1001.6392063493422,0.0,0.0,0.0,0.0,0.0,1416.5748281183928,17.01361066784089,499.87420220830643,1899.5048009945401,33.95784,1933.4626409945402,0.0,26.035114698349297,0.0,0.0,26.035114698349297
279,130.3687144937142,0.0,321.948824572362,0.0,1.68859649122807,430.2765366972551,1001.6392063493422,0.0,20.352405877593124,0.0,437.4350384578448,0.0,1416.574828118393,0.0,516.3318440367058,1412.557907697254,82.913726,1495.471633697254,0.0,26.89228354357843,0.0,0.0,87.47176858973766
280,183.6407149611428,0.0,321.94882457236196,0.0,0.0,484.0875474158031,501.97601108899806,0.0,21.50199211770159,393.69153461206037,41.591846811577966,0.0,1416.5748281183926,0.0,580.9050568989636,1914.4311752057783,41.456863,1955.8880382057782,0.0,30.255471713487694,0.0,60.579485046159235,0.0
281,187.4613550628572,0.0,321.94882457236196,0.0,0.0,485.1842133227448,429.77397146240446,0.0,24.225966312474394,431.12419674248054,0.0,0.0,1416.5748281183926,0.0,582.2210559872938,1936.5398441056864,62.25604,1998.7958841056864,0.0,30.32401333267154,0.0,30.32401333267154,0.0
282,206.839472629714,0.0,321.948824572362,0.0,0.0,602.0075374322911,702.7171972380917,73.21924023021508,0.0,431.12419674248054,0.0,17.852084308669873,1416.5748281183928,0.0,722.4090449187493,2132.358014345812,24.477943,2156.835957345812,0.0,37.62547108951819,0.0,0.0,37.62547108951819
283,181.08417832114282,0.0,321.94882457236196,0.0,0.0,498.0446230050978,943.8790181677867,0.0,4.988379888407089,411.2885475106251,74.20170708118495,0.0,1416.5748281183928,0.0,597.6535476061173,1881.5908856433252,58.435783,1940.0266686433251,0.0,31.127788937818607,0.0,0.0,31.127788937818607
284,193.9471811657142,0.0,321.94882457236196,0.0,0.0,521.4232964731534,938.6280919694635,5.5272907350771066,0.0,478.07008388369155,0.0,33.498529112283904,1416.5748281183928,0.0,625.7079557677839,1968.2481529984607,107.53316,2075.7813129984606,0.0,32.58895602957208,0.0,0.0,65.05963918479671
285,186.3494644011428,0.0,338.565862197918,0.0,0.0,519.5309304835941,939.2935671176239,0.0,5.384396115466594,440.8494959811539,92.93551544167906,0.0,1489.6897936708394,0.0,623.4371165803128,1882.5206518094733,137.670743,2020.1913948094732,0.0,32.470683155224634,0.0,32.470683155224634,0.0
286,121.64829667542861,0.0,337.62558094328546,0.0,0.0,461.42876255117886,933.6257817329223,2.1548849324646633,0.0,524.4914598786651,627.4589733150375,0.0,1485.552556150456,0.0,553.7145150614143,1342.0530348968327,69.755063,1411.8080978968328,0.0,28.839297659448675,0.0,0.0,57.74133712102552
287,120.05556424114279,0.0,338.565862197918,0.0,0.0,462.43263138522957,961.8121146618797,3.8112049461686817,0.0,1089.2045358621988,661.2050958060917,0.0,1489.6897936708394,0.0,554.9191576622753,1347.606632527023,35.797223,1383.403855527023,0.0,28.90203946157685,0.0,28.90203946157685,0.0
