round,stage,obj,n_infeasible,sim_excess_kwh,sp_obj_sum,t_form_s,t_mp_s,t_sim_s,t_sp_s,t_round_s,t_total_s,rss_mb,failed_days
0,EBO,2693521.066728478,9,3421.033253488691,22182.868874897293,0.3170844999840483,2.5162628330290318,6.415775082889013,0.3316680012503639,9.263705917168409,9.58101716695819,682.859375,0;2;3;4;5;6;8;10;11
1,PHO,2706668.8591438862,9,2423.3863382550126,20750.527169619894,0.0,0.2236055419780314,4.0086312521016225,0.420715541113168,4.652952335192822,14.236798666999675,751.65625,0;2;3;4;5;6;8;10;11
2,PHO,2731415.398089771,9,1665.2077053745013,19503.142357718978,0.0,0.16652391699608415,4.085370792075992,0.32296329201199114,4.574858001084067,18.81264449993614,796.3125,0;2;3;4;5;6;8;10;11
3,PHO,2751717.4640471167,9,1157.7239250334549,18480.173378583186,0.0,0.059934499906376004,4.185580164776184,0.31951495783869177,4.565029622521251,23.37885295902379,833.359375,0;2;3;4;5;6;8;10;11
4,PHO,2765632.9682061058,9,819.5315324160642,17803.651039957036,0.0,0.04103566589765251,4.133525290875696,0.33048758294899017,4.505048539722338,27.884798542014323,864.953125,0;2;3;4;5;6;8;10;11
5,PHO,2774121.1879425542,8,589.82298901948,11569.66194640293,0.0,0.03675524995196611,4.221546874032356,0.28395433409605175,4.542256458080374,32.428133333916776,895.734375,2;3;4;5;6;8;10;11
6,PHO,2779276.710398043,8,425.70953438197336,11315.910730915875,0.0,0.034879291080869734,4.119925873819739,0.2815271249273792,4.4363322898279876,36.86537095892709,929.1875,2;3;4;5;6;8;10;11
7,PHO,2782408.1483934782,8,307.5607822300736,11153.291541827932,0.0,0.03596533404197544,4.068179372930899,0.28700791706796736,4.391152624040842,41.25751562498044,952.734375,2;3;4;5;6;8;10;11
8,PHO,2784308.6450609486,8,222.70067766305277,11041.690453363404,0.0,0.037542458972893655,4.126640875940211,0.4659955417737365,4.630178876686841,45.888983874931,984.703125,2;3;4;5;6;8;10;11
9,PHO,2785462.886680847,8,161.5670592090953,10964.695453475966,0.0,0.03574862505774945,4.09556816611439,0.2843305418500677,4.415647333022207,50.30585045891348,1013.96875,2;3;4;5;6;8;10;11
10,PHO,2786165.279131813,8,117.37804797707685,10907.29662058038,0.0,0.03845212492160499,4.092388916062191,0.28705991711467505,4.417900958098471,54.72470804199111,1043.609375,2;3;4;5;6;8;10;11
11,PHO,2786594.230316097,8,85.39467379411113,10867.230472606536,0.0,0.03768954204861075,4.110030749812722,0.503035373869352,4.650755665730685,59.37745654198807,1066.828125,2;3;4;5;6;8;10;11
12,PHO,2786856.988268015,8,62.21553284744377,10837.464353099174,0.0,0.03638037492055446,4.175258291186765,0.2883190830470994,4.499957749154419,63.87860904191621,1098.453125,2;3;4;5;6;8;10;11
13,PHO,2787018.585570271,8,45.39541123789661,10815.292201127251,0.0,0.036254000035114586,4.128966206219047,0.28599162492901087,4.451211831183173,68.33140379202086,1115.921875,2;3;4;5;6;8;10;11
14,PHO,2787118.4819244794,8,33.173947452997325,10798.731769520771,0.0,0.03553554089739919,4.115357958013192,0.27916137501597404,4.430054873926565,72.76246108394116,1133.53125,2;3;4;5;6;8;10;11
15,PHO,2787180.661156949,8,24.282131202857535,10786.299548849227,0.0,0.037145999958738685,4.410474918899126,0.2824551260564476,4.730076044914313,77.49364220898133,1171.890625,2;3;4;5;6;8;10;11
16,PHO,2787219.6851471895,8,17.80401892489809,10776.946980353212,0.0,0.03732045798096806,4.1778887489344925,0.2887516679475084,4.503960874862969,81.9986730000237,1194.90625,2;3;4;5;6;8;10;11
17,PHO,2787244.42142814,8,13.077722918585495,10769.90566463805,0.0,0.0367787079885602,4.051503040129319,0.27590587397571653,4.364187622093596,86.36386866692919,1216.125,2;3;4;5;6;8;10;11
18,PHO,2787260.2965325685,8,9.624400584977666,10764.573674697273,0.0,0.036333124968223274,4.123403877019882,0.28667991585098207,4.4464169178390875,90.81142895901576,1252.09375,2;3;4;5;6;8;10;11
19,PHO,2787270.634933899,8,7.097248465918639,10760.523036060573,0.0,0.03665604197885841,4.119879249250516,0.2831622092053294,4.439697500434704,95.2523514169734,1280.515625,2;3;4;5;6;8;10;11
20,PHO,2787277.4816154474,8,5.244815582524544,10757.437282944646,0.0,0.039128458010964096,4.525751624023542,0.28488879208453,4.849768874119036,100.10348008398432,1301.4375,2;3;4;5;6;8;10;11
